steps,rate_target_reached
1683,0.19
1692,0.27
1711,0.1
3342,0.19
3363,0.17
3363,0.18
4943,0.13
4951,0.22
5069,0.19
6182,0.24
6275,0.16
6414,0.16
7336,0.23
7516,0.13
7608,0.18
8451,0.14
8700,0.11
8822,0.09
9639,0.11
9824,0.17
9991,0.15
10979,0.18
11118,0.18
11293,0.22
12207,0.15
12412,0.12
12498,0.14
13427,0.13
13568,0.15
13713,0.08
15047,0.2
15260,0.13
15468,0.14
16594,0.15
17036,0.19
17539,0.09
19340,0.2
20605,0.21
20674,0.15
22158,0.15
23172,0.12
23267,0.19
25386,0.15
26127,0.18
26206,0.14
28754,0.17
28929,0.17
29073,0.19
31833,0.2
32189,0.11
32284,0.11
35358,0.17
35554,0.15
35782,0.17
37636,0.17
38502,0.12
38695,0.18
40140,0.18
41834,0.16
41973,0.19
43213,0.16
45384,0.18
45398,0.15
46603,0.18
47867,0.22
47899,0.25
47993,0.19
49073,0.14
49115,0.19
49230,0.09
50177,0.23
50274,0.17
50508,0.13
51392,0.12
51539,0.12
51765,0.09
52660,0.12
52744,0.15
53019,0.1
54022,0.09
54345,0.23
54452,0.25
55760,0.18
56152,0.31
56185,0.2
57773,0.25
57875,0.18
58033,0.17
59338,0.12
59545,0.14
59564,0.15
61024,0.19
61070,0.19
61124,0.26
62513,0.25
62594,0.14
62607,0.17
64068,0.28
64126,0.2
64194,0.19
65547,0.24
65722,0.16
65776,0.13
67181,0.14
67240,0.24
67254,0.25
68834,0.21
68907,0.19
68919,0.2
70335,0.19
70355,0.22
70476,0.15
71939,0.23
72006,0.24
72142,0.12
73651,0.18
73725,0.17
74028,0.21
75338,0.18
75444,0.23
75479,0.25
76994,0.27
77019,0.16
77074,0.22
78555,0.23
78561,0.17
78818,0.13
80206,0.29
80423,0.23
80522,0.21
82117,0.27
82155,0.24
82360,0.22
83695,0.28
83995,0.15
84156,0.19
85204,0.24
85675,0.22
86054,0.14
86885,0.18
87467,0.09
87943,0.15
88501,0.17
89208,0.18
90119,0.17
90304,0.21
91076,0.15
92009,0.17
92201,0.18
92955,0.18
93795,0.19
94071,0.24
94859,0.22
95574,0.22
96011,0.14
96721,0.19
97337,0.2
97762,0.21
98500,0.24
99159,0.21
99783,0.19
100488,0.17
100901,0.22
101597,0.19
102434,0.15
102747,0.18
103178,0.25
104518,0.15
104766,0.16
104911,0.24
106467,0.17
106621,0.19
106797,0.19
108337,0.23
108362,0.23
108617,0.23
109984,0.23
110238,0.24
110373,0.28
111844,0.26
111900,0.24
112045,0.31
113766,0.2
113907,0.18
113949,0.21
115355,0.26
115600,0.28
115676,0.19
117309,0.27
117426,0.2
117549,0.26
119292,0.18
119301,0.24
119356,0.16
121009,0.21
121051,0.26
121356,0.22
122989,0.25
123044,0.29
123075,0.22
124777,0.32
124840,0.27
124979,0.21
126637,0.19
126793,0.28
126826,0.22
128474,0.27
128797,0.19
129199,0.26
130699,0.19
130783,0.27
131426,0.35
132698,0.3
132720,0.24
133975,0.25
134539,0.27
134992,0.3
136826,0.29
136935,0.3
137432,0.31
138914,0.21
139267,0.32
139812,0.33
141397,0.24
141475,0.38
142184,0.36
143831,0.37
144251,0.35
144737,0.27
145746,0.41
146519,0.33
147448,0.36
148518,0.38
148793,0.35
150175,0.35
150850,0.51
151346,0.41
153221,0.39
153870,0.43
154191,0.34
156318,0.4
156377,0.55
156831,0.49
159445,0.31
159698,0.48
160230,0.4
162404,0.46
162924,0.41
163734,0.39
165747,0.45
166781,0.5
167058,0.49
169148,0.41
170033,0.38
170768,0.4
172394,0.44
173543,0.49
174337,0.42
175400,0.54
177127,0.5
177341,0.45
178592,0.56
180580,0.47
180731,0.51
181571,0.57
184161,0.48
184525,0.44
185005,0.5
187230,0.54
187779,0.57
188333,0.52
190090,0.7
190518,0.66
191076,0.63
193547,0.61
193582,0.54
193870,0.61
196246,0.65
196398,0.7
196640,0.52
198413,0.72
199036,0.67
199452,0.68
201187,0.7
201725,0.7
202060,0.66
203606,0.74
204286,0.76
204480,0.71
206143,0.63
206243,0.76
206697,0.73
208489,0.81
208756,0.77
209605,0.69
211014,0.71
211248,0.68
211562,0.8
213366,0.72
213437,0.76
213799,0.71
215506,0.78
216191,0.74
216520,0.79
217785,0.76
218677,0.77
219019,0.71
219962,0.81
220982,0.73
221746,0.73
222243,0.76
223420,0.72
224020,0.78
224652,0.75
225641,0.75
226228,0.75
226714,0.79
227746,0.74
228685,0.8
229138,0.73
230277,0.78
230738,0.78
231559,0.8
232649,0.81
232913,0.75
233757,0.79
234901,0.79
234943,0.82
236122,0.76
237276,0.75
237282,0.79
238354,0.79
239685,0.72
239989,0.74
240463,0.78
242015,0.78
242484,0.79
242932,0.78
244207,0.79
244648,0.83
244869,0.73
246346,0.84
246871,0.78
247084,0.83
248709,0.8
249133,0.78
249166,0.8
250480,0.83
251247,0.83
251303,0.8
252628,0.83
253169,0.82
253578,0.79
255244,0.79
255270,0.78
255449,0.87
257407,0.75
257459,0.87
257572,0.73
259328,0.78
259597,0.83
260175,0.79
261019,0.9
261023,0.86
262494,0.8
263123,0.83
263349,0.81
264497,0.82
265250,0.76
265539,0.83
266391,0.81
267165,0.86
267732,0.85
268363,0.86
269205,0.79
269641,0.75
270617,0.84
270752,0.84
271506,0.88
272465,0.8
272491,0.82
273171,0.83
274392,0.83
274397,0.85
275038,0.78
276010,0.92
276410,0.83
276884,0.89
277751,0.91
278001,0.85
278584,0.89
279358,0.89
280070,0.93
280103,0.83
280753,0.92
281669,0.89
281711,0.91
282513,0.89
283097,0.84
283205,0.91
284170,0.88
284604,0.9
284936,0.93
285638,0.89
286110,0.92
286343,0.94
287253,0.94
287546,0.89
287973,0.93
289031,0.89
289283,0.86
289515,0.84
290643,0.9
290848,0.91
291122,0.9
292376,0.88
292467,0.9
292656,0.9
293835,0.93
294022,0.88
294203,0.92
295321,0.88
295565,0.94
295731,0.87
296920,0.87
297056,0.89
297125,0.91
298393,0.87
298558,0.95
298580,0.91
299700,0.93
299918,0.9
300204,0.87
301342,0.93
301624,0.86
301653,0.87
302942,0.93
302994,0.88
303103,0.91
304392,0.9
304482,0.93
304542,0.85
306053,0.93
306073,0.9
306141,0.87
307508,0.95
307597,0.93
307673,0.95
309125,0.91
309176,0.92
309478,0.83
310596,0.88
310699,0.9
311022,0.92
312059,0.95
312216,0.87
312537,0.92
313540,0.8
313749,0.91
314125,0.92
314959,0.9
314988,0.91
315583,0.9
316285,0.86
316561,0.87
317000,0.95
317730,0.92
317998,0.9
318730,0.98
319291,0.92
319533,0.93
320026,0.91
320588,0.89
321171,0.91
321562,0.9
321899,0.92
322772,0.89
323080,0.84
323382,0.91
324332,0.86
324341,0.92
324825,0.88
325629,0.92
325702,0.9
326395,0.91
326998,0.89
327094,0.92
327645,0.92
328306,0.92
328493,0.91
328977,0.92
329704,0.92
329904,0.93
330268,0.9
331174,0.92
331186,0.88
331692,0.95
332687,0.9
332821,0.86
333265,0.93
334389,0.84
334589,0.87
334751,0.92
335880,0.92
336039,0.86
336383,0.85
337296,0.9
337400,0.9
337782,0.86
338736,0.94
338927,0.94
339252,0.92
340206,0.92
340322,0.94
340617,0.88
341691,0.94
341719,0.9
342002,0.97
343125,0.9
343272,0.91
343428,0.95
344467,0.95
344768,0.92
344779,0.91
345853,0.88
346040,0.99
346187,0.86
347279,0.89
347445,0.94
347668,0.9
348635,0.93
348895,0.91
349167,0.84
350170,0.86
350428,0.88
350753,0.92
351421,0.92
352052,0.97
352129,0.85
352896,0.95
353480,0.95
353504,0.9
354206,0.93
354940,0.9
355110,0.91
355423,0.9
356326,0.94
356441,0.94
356783,0.94
357810,0.93
357884,0.92
358223,0.95
359259,0.95
359298,0.96
359566,0.89
360479,0.93
360655,0.93
361131,0.97
362006,0.93
362045,0.96
362496,0.96
363487,0.93
363508,0.93
363640,0.94
364894,0.95
364900,0.95
364958,0.87
366211,0.95
366346,0.93
366689,0.93
367578,0.95
367582,0.94
367958,0.93
369083,0.94
369246,0.9
369441,0.95
370468,0.95
370708,0.9
370814,0.88
371769,0.93
372075,0.93
372230,0.92
372970,0.94
373359,0.95
373467,0.94
374253,0.93
374662,0.92
374755,0.9
375642,0.96
375910,0.93
376249,0.94
377010,0.93
377363,0.9
377453,0.88
378297,0.95
378668,0.95
378774,0.9
379933,0.93
380114,0.88
380134,0.88
381286,0.93
381442,0.92
381777,0.92
382754,0.94
382820,0.96
383227,0.96
384166,0.92
384347,0.89
384940,0.92
385591,0.91
385623,0.94
386204,0.91
386868,0.97
387035,0.96
387609,0.95
388332,0.88
388529,0.94
389025,0.95
389866,0.9
390139,0.91
390441,0.9
391134,0.97
391581,0.94
391736,0.94
392506,0.96
392933,0.96
393204,0.94
393924,0.87
394417,0.92
394628,0.94
395192,0.94
395797,0.88
396085,0.92
396547,0.96
397197,0.92
397590,0.89
398002,0.9
398498,0.92
398729,0.93
399299,0.92
399897,0.96
400194,0.88
400900,0.92
401226,0.92
401527,0.94
402355,0.93
402620,0.91
402954,0.92
403902,0.89
404040,0.92
404350,0.88
405358,0.87
405419,0.92
405722,0.93
406721,0.88
406736,0.92
407110,0.94
408014,0.93
408093,0.9
408422,0.95
409367,0.94
409486,0.94
409928,0.87
410753,0.94
410798,0.96
411322,0.94
412032,0.97
412275,0.94
412811,0.92
413499,0.95
413711,0.88
414323,0.95
414731,0.95
414820,0.9
415678,0.94
416074,0.92
416108,0.91
417226,0.89
417331,0.94
417448,0.95
418685,0.96
418705,0.9
418715,0.91
419849,0.96
420036,0.94
420122,0.88
421264,0.86
421282,0.96
421432,0.87
422556,0.83
422594,0.94
422834,0.91
423665,0.92
423874,0.93
424056,0.92
425181,0.91
425361,0.94
425517,0.87
426752,0.93
426764,0.93
427039,0.89
428196,0.91
428253,0.94
428289,0.97
429431,0.9
429558,0.96
429575,0.94
430873,0.95
430964,0.89
431262,0.87
432337,0.94
432448,0.9
432717,0.92
433651,0.94
433709,0.9
434091,0.89
434858,0.95
435061,0.91
435400,0.9
436257,0.9
436506,0.95
436751,0.89
437597,0.94
437993,0.94
438238,0.91
438926,0.94
439247,0.87
439633,0.95
440172,0.92
440506,0.98
440868,0.93
441589,0.94
441915,0.93
442185,0.92
442947,0.95
443347,0.93
443536,0.88
444355,0.88
444628,0.93
444876,0.93
445655,0.87
445916,0.94
446214,0.95
446901,0.9
447114,0.92
447616,0.89
448338,0.95
448489,0.92
449040,0.92
449896,0.87
449984,0.92
450272,0.96
451344,0.93
451469,0.9
451647,0.95
452583,0.97
452817,0.89
453001,0.9
453831,0.94
454221,0.98
454323,0.88
455310,0.89
455647,0.92
455647,0.91
456548,0.95
456850,0.94
457016,0.92
458073,0.94
458214,0.9
458376,0.9
459372,0.95
459680,0.89
459872,0.87
460780,0.96
461048,0.92
461298,0.93
462018,0.94
462402,0.93
462652,0.94
463409,0.95
463718,0.93
463999,0.93
464848,0.97
465030,0.94
465259,0.92
466327,0.9
466462,0.93
466517,0.93
467508,0.97
467714,0.95
467803,0.87
468846,0.96
469241,0.92
469560,0.87
470144,0.94
470669,0.93
470869,0.93
471296,0.94
471992,0.92
472151,0.93
472694,0.91
473360,0.91
473427,0.89
474007,0.95
474807,0.95
474836,0.92
475503,0.92
476129,0.95
476136,0.97
476817,0.92
477367,0.93
477577,0.9
478219,0.94
478644,0.92
479001,0.96
479606,0.93
480132,0.92
480491,0.94
481058,0.9
481559,0.9
481829,0.9
482429,0.89
482836,0.91
483304,0.91
483841,0.91
484175,0.94
484553,0.91
485252,0.95
485341,0.92
485738,0.89
486535,0.94
486834,0.89
487187,0.94
487899,0.9
488219,0.91
488684,0.91
489193,0.95
489451,0.87
490119,0.93
490561,0.95
490940,0.89
491474,0.92
491761,0.92
492241,0.92
492757,0.96
493141,0.97
493557,0.92
494081,0.93
494602,0.89
494783,0.84
495279,0.96
495872,0.93
496165,0.94
496638,0.9
497136,0.86
497557,0.95
497842,0.95
498491,0.87
499056,0.88
499322,0.91
499903,0.94
500618,0.95
500654,0.89
501459,0.87
501869,0.96
502203,0.88
502984,0.89
503345,0.89
503462,0.96
504445,0.93
504733,0.96
504873,0.89
505744,0.86
506191,0.94
506193,0.93
507134,0.95
507360,0.97
507536,0.9
508342,0.96
508650,0.92
508742,0.97
509702,0.98
509881,0.89
509886,0.94
511047,0.93
511164,0.93
511382,0.89
512279,0.95
512369,0.96
512610,0.92
513679,0.93
513859,0.92
513995,0.87
515147,0.88
515196,0.93
515230,0.97
516421,0.9
516469,0.92
516696,0.93
517747,0.91
517780,0.99
518160,0.87
519041,0.94
519156,0.89
519387,0.97
520325,0.88
520511,0.9
520680,0.94
521638,0.95
521764,0.91
522062,0.88
523040,0.94
523129,0.94
523353,0.96
524235,0.92
524365,0.93
524807,0.87
525525,0.97
525589,0.95
526219,0.9
526898,0.91
526963,0.95
527489,0.98
528462,0.91
528465,0.89
528857,0.94
529825,0.92
529848,0.95
530244,0.95
531117,0.94
531348,0.85
531472,0.92
532478,0.89
532775,0.9
532795,0.94
533906,0.86
534148,0.96
534340,0.93
535449,0.91
535491,0.94
535549,0.91
536771,0.94
536920,0.95
536959,0.92
537918,0.98
538102,0.9
538296,0.92
539182,0.93
539453,0.95
539524,0.95
540533,0.96
540668,0.95
540763,0.91
541863,0.95
541942,0.92
542260,0.93
543182,0.87
543190,0.92
543516,0.97
544527,0.93
544797,0.85
544856,0.92
545843,0.94
546169,0.93
546304,0.95
547288,0.89
547572,0.94
547655,0.9
548664,0.96
548879,0.97
549077,0.94
550051,0.93
550208,0.91
550244,0.94
551423,0.88
551517,0.97
551806,0.85
552685,0.85
552824,0.95
553184,0.89
553943,0.9
554121,0.94
554554,0.89
555167,0.97
555357,0.95
555863,0.93
556497,0.93
556756,0.91
557409,0.94
558025,0.86
558037,0.94
558849,0.98
559349,0.91
559419,0.84
560201,0.96
560865,0.92
560881,0.88
561659,0.91
562169,0.95
562215,0.94
563221,0.9
563598,0.94
563631,0.86
564592,0.93
565004,0.93
565020,0.93
565951,0.96
566315,0.95
566381,0.9
567389,0.91
567552,0.96
567664,0.88
568869,0.94
568924,0.95
568933,0.95
570016,0.96
570172,0.91
570246,0.96
571493,0.94
571519,0.95
571535,0.94
572780,0.96
572934,0.93
572967,0.96
574110,0.97
574118,0.94
574399,0.93
575440,0.96
575481,0.94
575562,0.87
576901,0.96
576940,0.93
576987,0.87
578275,0.98
578337,0.87
578377,0.9
579506,0.97
579780,0.91
579877,0.89
580806,0.94
581204,0.92
581412,0.91
582207,0.9
582496,0.97
582734,0.93
583711,0.89
583946,0.89
584223,0.89
585220,0.92
585338,0.92
585513,0.93
586592,0.91
586654,0.94
586757,0.98
587804,0.97
587960,0.94
588066,0.91
588998,0.96
589422,0.9
589541,0.92
590244,0.94
590763,0.91
590777,0.98
591567,0.96
592074,0.91
592088,0.89
592894,0.95
593262,0.96
593380,0.92
594164,0.92
594535,0.89
594734,0.93
595327,0.94
595783,0.89
596116,0.93
596648,0.93
597104,0.94
597382,0.96
597936,0.94
598457,0.96
598665,0.92
599236,0.93
599992,0.94
600110,0.91
600701,0.92
601266,0.93
601280,0.93
602117,0.96
602621,0.87
602704,0.91
603461,0.94
603926,0.94
603955,0.9
604688,0.96
605270,0.94
605502,0.91
605933,0.9
606434,0.97
606952,0.92
607511,0.89
607812,0.97
608289,0.9
608924,0.94
609263,0.93
609689,0.87
610294,0.91
610550,0.88
611080,0.94
611526,0.93
611809,0.98
612468,0.92
612757,0.95
613044,0.95
614038,0.88
614090,0.93
614341,0.93
615312,0.92
615504,0.94
615754,0.91
616577,0.92
616752,0.96
617027,0.92
617970,0.9
618155,0.97
618407,0.92
619385,0.92
619522,0.9
619661,0.95
620835,0.89
620875,0.85
620894,0.95
622003,0.93
622137,0.92
622404,0.92
623337,0.94
623532,0.89
623708,0.94
624651,0.96
624795,0.91
625263,0.91
626004,0.96
626298,0.9
626584,0.94
627406,0.93
627678,0.94
627990,0.91
628801,0.91
629015,0.93
629334,0.96
630153,0.96
630302,0.89
630823,0.9
631454,0.92
631507,0.93
632406,0.85
632801,0.93
632927,0.89
633680,0.97
634239,0.97
634286,0.95
634973,0.97
635612,0.91
635753,0.96
636420,0.92
637029,0.97
637072,0.94
637793,0.95
638338,0.98
638348,0.92
639227,0.95
639581,0.92
639774,0.95
640476,0.91
641010,0.94
641104,0.92
641847,0.93
642357,0.94
642712,0.92
642937,0.96
643654,0.95
644116,0.9
644221,0.96
644896,0.93
645381,0.91
645735,0.88
646078,0.92
646808,0.92
647089,0.89
647392,0.96
648150,0.96
648488,0.91
648692,0.9
649451,0.93
649886,0.95
650269,0.94
650903,0.94
651426,0.91
651694,0.93
652209,0.9
652776,0.92
653176,0.95
653612,0.92
654318,0.91
654562,0.95
654832,0.97
655588,0.91
655903,0.91
656413,0.91
656807,0.95
657203,0.86
657629,0.96
658154,0.93
658501,0.93
658985,0.98
659551,0.93
659884,0.92
660112,0.96
660984,0.92
661197,0.9
661552,0.89
662202,0.91
662505,0.92
662924,0.96
663498,0.94
663747,0.89
664222,0.95
664851,0.96
665041,1.0
665815,0.91
666133,0.92
666245,0.98
667111,0.92
667571,0.95
667661,0.95
668481,0.94
668664,0.9
668927,0.94
669812,0.96
670031,0.93
670359,0.93
670995,0.94
671255,0.91
671538,0.96
672389,0.97
672512,0.95
672811,0.92
673645,0.95
673896,0.94
674155,0.91
675142,0.9
675254,0.96
675522,0.95
676501,0.9
676551,0.96
677170,0.91
677687,0.97
677897,0.96
678628,0.95
679138,0.94
679249,0.96
679686,0.98
680328,0.96
680624,0.92
680982,0.93
681710,0.96
681931,0.94
682392,0.94
683028,0.94
683123,0.92
683752,0.96
684378,0.97
684395,0.97
685190,0.95
685804,0.93
686029,0.86
686580,0.88
687251,0.9
687382,0.94
687839,0.92
688478,0.94
688600,0.94
689148,0.94
689646,0.92
689844,0.91
690349,0.91
690960,0.91
691241,0.93
691729,0.94
692369,0.96
692513,0.94
692880,0.96
693733,0.91
693976,0.96
694266,0.93
695091,0.93
695339,0.94
695780,0.89
696231,0.93
696700,0.9
699533,0.9
699788,0.91
700713,0.83
702867,0.91
703079,0.92
704029,0.93
706230,0.98
706383,0.9
707063,0.94
709377,0.96
709608,0.92
710250,0.96
712532,0.98
712651,0.96
713088,1.0
715674,0.98
715725,0.94
715929,0.97
718417,0.97
718622,0.97
718981,0.95
721569,0.97
721858,0.95
721932,0.97
724742,0.98
724766,0.99
724832,0.98
727368,1.0
727467,0.98
727498,0.97
730212,0.97
730240,0.98
730334,0.91
733142,0.96
733171,0.98
733339,0.97
736209,0.95
736254,0.95
736498,0.93
739226,0.93
739243,0.98
739409,0.96
741969,0.98
742065,0.97
742375,0.98
744639,1.0
744815,0.98
745434,0.97
747954,0.96
748055,0.94
748396,0.96
750126,1.0
750786,0.96
751183,0.99
752873,0.97
753370,0.99
754100,0.97
755842,0.99
755845,1.0
757240,0.94
758521,0.99
758779,0.93
759840,0.98
761211,0.98
761523,0.96
762681,0.96
764459,0.99
764583,0.99
765665,0.98
767444,0.98
767596,0.98
768722,0.99
770290,0.98
770508,1.0
771264,0.98
773125,0.99
773396,0.95
774021,0.98
775879,1.0
776104,0.97
776778,0.99
778715,1.0
778879,1.0
779315,0.98
781499,0.96
781711,0.97
781869,0.99
784260,0.99
784583,0.98
784810,1.0
787142,0.98
787450,0.99
787856,0.99
788210,0.9
789938,0.99
790190,0.99
790678,0.98
792358,0.99
792530,0.87
792712,0.99
793606,0.98
795236,0.97
795424,1.0
796134,0.99
796970,0.88
797905,0.99
797930,0.9
798322,0.97
798500,0.9
798950,0.9
799090,1.0
799670,0.86
800649,0.98
800720,0.89
800827,1.0
801110,0.83
801530,0.87
801659,0.99
803160,1.0
803361,1.0
803690,0.9
804194,0.99
804620,0.83
804920,0.87
805297,0.99
806136,0.97
806690,0.84
807226,1.0
807676,1.0
807980,0.85
809005,0.98
809300,0.88
810110,0.82
810283,0.99
810293,1.0
812116,0.96
812360,0.82
812990,0.89
813158,0.98
813277,0.98
813620,0.88
814340,0.84
814520,0.83
815045,0.96
815270,0.81
815360,0.84
816021,0.95
816119,0.94
817730,0.83
817944,0.98
818715,0.98
818946,0.97
820220,0.82
820787,0.97
821294,1.0
821388,1.0
823490,0.81
823498,0.95
823958,0.98
824722,0.96
825900,1.0
826565,0.99
827835,0.95
828754,0.98
829135,0.99
830731,0.98
831502,1.0
831867,1.0
833485,1.0
834048,1.0
834309,1.0
836027,0.98
836474,1.0
837064,0.98
839080,0.95
839675,0.94
839731,0.99
841807,1.0
842351,0.98
842525,0.97
844640,0.95
845008,1.0
845581,0.96
846888,0.99
848087,0.98
848125,0.99
849854,0.99
850668,1.0
850871,0.96
852306,0.99
853422,0.98
854042,0.95
854630,0.99
856472,0.96
856913,0.99
857621,0.98
859361,0.99
859412,0.99
860282,0.97
861986,1.0
862192,0.97
862722,1.0
864710,0.99
865143,1.0
865152,0.98
867218,0.99
867860,0.97
868301,0.96
869557,1.0
870700,1.0
870893,1.0
872308,0.98
873542,0.99
873568,1.0
875045,0.98
876076,0.98
876213,1.0
877665,0.98
878636,1.0
878730,1.0
879992,0.98
881181,1.0
881382,0.99
882170,0.96
882857,0.98
883977,0.99
883995,0.99
885549,0.96
886618,0.98
886669,0.97
888224,0.98
888560,0.96
889032,1.0
889220,0.95
889630,0.99
890693,1.0
891230,0.98
891360,0.99
891993,0.99
893000,0.95
893384,0.97
893793,0.98
894530,0.9
894652,0.99
895760,0.93
896238,1.0
896497,1.0
897110,0.97
897486,0.99
899119,0.97
899347,0.98
899600,0.97
900237,0.98
900830,0.95
901707,1.0
902387,0.96
902808,1.0
902810,0.97
903200,0.96
903740,0.98
903800,0.93
904501,1.0
904640,0.94
905130,0.98
905316,0.99
905450,0.97
905780,0.95
905840,0.89
906260,0.93
907355,0.96
907914,0.99
908202,0.98
909978,0.99
910366,1.0
910940,0.9
911129,0.96
912383,0.99
912860,0.9
913348,0.99
913703,1.0
915251,1.0
916298,1.0
916359,0.96
916640,0.94
917637,1.0
919063,0.99
919120,0.98
920170,1.0
921673,0.97
921731,0.99
923150,0.9
923315,0.97
924129,0.99
924436,1.0
925880,0.9
926120,0.88
926244,0.99
926995,1.0
927288,0.99
927380,0.89
929276,0.96
929623,1.0
929744,1.0
931947,0.98
932196,0.99
932609,0.97
933140,0.87
934801,0.98
935084,1.0
935186,0.97
937704,0.97
937877,0.95
938072,0.97
940322,0.99
940871,0.95
941131,0.96
942726,0.98
943626,0.99
943819,0.99
945334,0.99
946478,0.97
946633,0.98
947928,1.0
949030,0.97
949275,0.96
950508,1.0
951779,1.0
951931,0.99
953524,0.97
954466,0.99
954508,0.99
955992,0.99
957081,0.99
957310,0.98
958367,0.99
959581,0.98
959791,0.99
960526,0.99
962275,0.99
962455,0.99
963103,0.97
964948,0.98
965294,0.98
965897,0.97
967974,0.99
968049,0.97
968758,0.98
970659,0.97
970709,1.0
971451,1.0
972740,0.98
973013,1.0
973553,0.98
974124,0.99
975884,0.98
976209,0.98
976730,1.0
978386,1.0
978769,0.99
978770,0.99
979419,0.98
981111,0.97
981381,1.0
982136,1.0
982190,0.97
982520,0.98
982940,0.93
984019,1.0
984050,0.95
984149,1.0
984887,0.97
986426,1.0
986993,0.97
987380,0.95
987655,1.0
989054,0.97
989540,0.96
989851,0.98
989930,0.98
989960,0.98
990202,0.99
991900,0.99
992483,1.0
992987,0.99
994207,0.96
995102,1.0
995750,0.96
996066,0.97
996470,0.91
997180,0.98
997190,0.9
997370,0.91
997370,0.95
998056,0.96
998797,0.97
999050,0.96
999660,1.0
999830,0.95
1000790,0.96
1000991,0.97
1001955,0.96
1002168,1.0
1003400,1.0
1004522,1.0
1004597,1.0
1006174,0.99
1007105,0.99
1007349,0.97
1008440,0.97
1008564,1.0
1008860,0.9
1009490,0.94
1009949,0.97
1010079,0.98
1010750,0.93
1011469,0.96
1012570,0.99
1012953,1.0
1013180,0.85
1014498,0.96
1015170,0.99
1015692,0.98
1015970,0.96
1017175,0.99
1017841,0.98
1018101,0.98
1019774,0.98
1020347,1.0
1020694,0.98
1022341,1.0
1023220,0.98
1023425,0.98
1024967,0.98
1025725,1.0
1026290,0.98
1027820,0.98
1028000,0.96
1028680,0.97
1029119,1.0
1030592,0.97
1030780,1.0
1031390,0.89
1031791,0.96
1033416,0.97
1033461,0.99
1034627,0.96
1036258,0.96
1036447,0.98
1036947,0.99
1038830,0.98
1039311,0.97
1039766,0.96
1041833,0.97
1041860,0.89
1042079,1.0
1042641,1.0
1044609,0.97
1044701,0.99
1045451,0.99
1047275,0.98
1047430,1.0
1048315,0.99
1049701,1.0
1050294,0.97
1050705,1.0
1052272,1.0
1052760,1.0
1053258,1.0
1055040,0.99
1055460,0.98
1055758,1.0
1057413,0.98
1058264,1.0
1058543,0.99
1059830,1.0
1060887,1.0
1060926,1.0
1062170,0.97
1062446,0.99
1063499,1.0
1063605,0.98
1064795,1.0
1065800,0.99
1066332,0.97
1066406,0.98
1066580,0.95
1067430,1.0
1067720,0.99
1069232,0.98
1069345,1.0
1070006,0.99
1071938,0.99
1072270,0.98
1072550,0.99
1073041,0.99
1075317,0.93
1075430,0.97
1075642,0.93
1075648,0.99
1077946,1.0
1078308,0.99
1078403,1.0
1078970,0.96
1079420,0.96
1080020,0.95
1080813,1.0
1081099,0.96
1081281,0.96
1083472,0.97
1083782,0.99
1083806,0.99
1086117,1.0
1086383,0.98
1086668,0.98
1087880,0.95
1088840,0.9
1088939,1.0
1089008,1.0
1089342,1.0
1090190,0.96
1091467,1.0
1091510,0.93
1091564,1.0
1092091,1.0
1093340,0.97
1094135,1.0
1094540,0.91
1094572,0.92
1094701,0.98
1096577,1.0
1097263,1.0
1097305,0.98
1098260,0.96
1098740,0.92
1099472,1.0
1099515,0.98
1099946,1.0
1102160,0.98
1102380,0.98
1102701,0.99
1102760,0.96
1102970,0.96
1104110,0.96
1104922,1.0
1105202,0.96
1105484,1.0
1107470,0.93
1107679,0.99
1107821,0.96
1108422,0.95
1109810,0.97
1110123,1.0
1110733,0.97
1111130,0.84
1111492,0.99
1113200,0.97
1113452,1.0
1113625,1.0
1113980,0.93
1116046,1.0
1116070,1.0
1116099,1.0
1116590,0.99
1118383,1.0
1118929,0.98
1119013,0.94
1119230,0.98
1121132,0.99
1121469,0.97
1121824,0.97
1123991,0.99
1124276,0.97
1124603,0.97
1126691,0.97
1126924,0.99
1126936,0.99
1129164,0.99
1129414,1.0
1129620,0.99
1131545,1.0
1132062,1.0
1132237,1.0
1134166,0.99
1134407,1.0
1135003,0.96
1137105,0.98
1137111,0.98
1137613,0.99
1138400,0.95
1139678,0.98
1139836,0.97
1139939,1.0
1142299,1.0
1142342,0.99
1142664,0.99
1144667,0.99
1144880,0.99
1145010,0.95
1145753,0.97
1147228,1.0
1147587,1.0
1148390,0.96
1148793,0.97
1149368,1.0
1149930,1.0
1151095,1.0
1151754,1.0
1152680,0.98
1153160,0.97
1153977,0.96
1154162,0.99
1155611,1.0
1156762,1.0
1157133,0.92
1158295,0.98
1159468,1.0
1160059,0.95
1160513,1.0
1162101,0.98
1162602,1.0
1162879,1.0
1164800,0.94
1165040,0.95
1165044,0.96
1165450,1.0
1165568,0.98
1166060,0.95
1167650,0.98
1167657,0.99
1167860,0.95
1168013,0.99
1168115,0.98
1169891,0.99
1170710,0.96
1170788,0.98
1170941,0.96
1172652,0.99
1173631,0.99
1173795,0.96
1174040,0.95
1175129,0.99
1176036,1.0
1176276,1.0
1177840,1.0
1178150,0.91
1178430,1.0
1178538,0.98
1179770,0.95
1180436,0.99
1180799,0.99
1181288,0.97
1182731,0.99
1183420,1.0
1183842,1.0
1185041,0.99
1185773,1.0
1186164,0.99
1186430,0.94
1187483,0.98
1187690,0.93
1188642,0.95
1189217,0.97
1190360,0.97
1190507,0.98
1191290,0.96
1191304,0.99
1191906,0.99
1193227,1.0
1193540,0.95
1194385,0.97
1194771,0.97
1194800,0.94
1196145,0.97
1197110,0.99
1197165,0.96
1197680,0.94
1198250,0.94
1198627,0.97
1199535,1.0
1199949,0.98
1201142,0.99
1201970,0.95
1201974,1.0
1202570,0.94
1202915,0.97
1203709,0.98
1204160,0.95
1204686,1.0
1205395,0.99
1206351,0.98
1207513,0.98
1208030,0.95
1208327,0.98
1208775,0.99
1210222,0.97
1211086,0.97
1211343,0.99
1212568,0.99
1213674,0.99
1213699,0.97
1215057,1.0
1216153,0.97
1216279,0.98
1216310,0.93
1217242,0.99
1217990,0.84
1218697,0.99
1218924,1.0
1219890,0.98
1221593,0.99
1221731,1.0
1222520,1.0
1222885,0.97
1224363,0.98
1224365,1.0
1225523,0.98
1226813,1.0
1227140,0.97
1228968,0.94
1229725,0.98
1229807,1.0
1240460,0.96
1241180,0.96
1241510,0.99
1243130,0.97
1244030,0.93
1253060,0.99
1257620,0.96
1259630,0.94
1262090,0.96
1263320,0.99
1266470,0.95
1267130,0.95
1273520,0.98
1274030,0.94
1280090,0.97
1280690,0.96
1284200,0.96
1284260,0.95
1284560,0.96
1287740,0.95
1289000,0.95
1296020,0.94
1296170,0.97
1301090,0.96
1303550,0.97
1307750,0.98
1312610,0.97
1326590,0.96
1329020,0.99
1335980,0.97
1344260,0.93
1345610,0.95
1346690,0.93
1347860,0.95
1350590,0.97
1354010,0.97
1354520,0.94
1356170,0.98
1358480,0.93
1361750,0.96
1365590,0.98
1366670,0.92
1375070,0.96
1375280,0.99
1375340,0.99
1375640,0.97
1376540,0.98
1378460,0.97
1378790,1.0
1389950,0.98
1392050,0.93
1395800,0.96
1403360,0.95
1408910,0.98
1409450,0.98
1419560,1.0
1423670,0.93
1428560,0.98
1431890,1.0
1434650,0.95
1436060,0.99
1438520,0.95
1442270,0.96
1443440,0.99
1447190,0.98
1449890,0.99
1451360,0.96
1452200,0.96
1453220,0.97
1453820,0.97
1455410,0.94
1459490,0.99
1459610,0.96
1463090,0.96
1463090,0.96
1464710,0.97
1480130,1.0
1481660,0.94
1483280,0.97
1490120,0.98
1496510,0.95
1503050,0.97
1506410,0.97
1514750,0.99
1519580,0.97
1520720,0.96
1521050,0.95
1521380,0.98
1526060,0.96
1526990,0.99
1533380,0.97
1533710,0.93
1536440,0.94
1536440,0.98
1539920,0.98
1543340,0.93
1545680,0.94
1548320,0.97
1549910,0.98
1552130,0.95
1553720,0.96
1553930,1.0
1554560,0.98
1565120,0.98
1567280,0.99
1567850,0.93
1583120,0.94
1585310,0.96
1588340,0.98
1589000,0.97
1590620,0.99
1592840,0.99
1599170,0.97
1604000,1.0
1605200,0.98
1609370,0.98
1609790,0.98
1611950,0.95
1621100,0.97
1623740,0.97
1629680,0.97
1630550,0.98
1630670,0.93
1632590,0.95
1636280,0.95
1639490,0.98
1640360,1.0
1640390,0.98
1641770,1.0
1642820,0.95
1646720,0.94
1654760,0.98
1656650,0.93
1661900,0.97
1665050,0.98
1670810,0.98
1674170,0.98
1679600,0.98
1681970,0.95
1685810,1.0
1686800,0.96
1688000,0.98
1698440,0.98
1700810,0.97
1701170,0.96
1706060,0.97
1707650,0.95
1712660,0.99
1715390,1.0
1718990,0.93
1719440,0.97
1721270,0.97
1721570,0.98
1722740,0.95
1722890,0.99
1727450,0.94
1727540,0.98
1735430,0.96
1738850,0.98
1740350,0.99
1742690,0.98
1750640,0.97
1756640,0.98
1760330,0.99
1763090,0.97
1774220,0.97
1779590,0.97
1783730,0.97
1784900,0.98
1785410,0.93
1788590,0.93
1789580,0.97
1794110,1.0
1794800,0.98
1795100,0.99
1796750,0.98
1802600,0.92
1805180,1.0
1806770,0.98
1808000,0.96
1811390,0.98
1813790,0.94
1817120,1.0
1818080,1.0
1820240,0.92
1821110,0.94
1821920,0.99
1823300,0.96
1832720,0.99
1833620,0.99
1851350,0.96
1859030,1.0
1859360,0.95
1859480,1.0
1862030,0.99
1872830,0.97
1874840,0.98
1875290,0.93
1876580,0.99
1877630,0.95
1878650,0.97
1884020,0.99
1885490,0.99
1886300,0.97
1889510,0.97
1893500,0.96
1894760,0.96
1899980,0.97
1903130,0.97
1903370,0.94
1909370,0.96
1909850,0.94
1910360,0.97
1910510,0.95
1913990,0.98
1920530,0.97
1921670,0.95
1932920,0.97
1935680,0.96
1943720,0.97
1946960,0.96
1950860,0.97
1955690,1.0
1956110,0.98
1957610,0.97
1963760,0.98
1970120,0.98
1976990,0.95
1976990,0.95
1978760,0.92
1980290,0.95
1980650,0.98
1983650,0.97
1986950,0.99
1989950,0.95
1990850,0.93
1991150,0.98
1994810,0.97
1995020,0.98
1997960,0.96
1997960,0.96
2000180,0.98
2000480,0.95
2004740,0.98
2027210,0.97
2035400,0.93
2036000,0.97
2039420,0.97
2039870,0.94
2044160,0.96
2044880,0.96
2047490,0.98
2049470,0.95
2050490,1.0
2053550,0.98
2055590,1.0
2064410,0.96
2066900,0.98
2066930,0.98
2070860,0.95
2074400,0.94
2078720,0.99
2081930,0.94
2082860,0.98
2083430,0.96
2083820,0.95
2087150,0.98
2088860,0.94
2089280,0.95
2097380,0.95
2106830,0.96
2114480,0.95
2114480,0.99
2122310,0.99
2122550,0.99
2129060,0.96
2131400,0.99
2134760,0.97
2135930,0.99
2136200,0.95
2142500,0.96
2142620,0.9
2142710,0.95
2145350,0.95
2146340,1.0
2153090,0.96
2156060,0.97
2157320,0.99
2158640,0.97
2165060,0.95
2172470,0.98
2174900,0.98
2176790,0.96
2177060,0.94
2179070,0.96
2189150,0.93
2189270,0.95
2191400,0.99
2199500,0.95
2203370,1.0
2203850,0.95
2206460,0.97
2211650,0.99
2212940,0.97
2213990,1.0
2215010,0.95
2216720,0.96
2230820,0.98
2231060,0.95
2231360,0.99
2234180,0.99
2234300,0.99
2234420,0.98
2236820,0.98
2237120,1.0
2245430,0.98
2247890,0.93
2253890,0.99
2260370,1.0
2262020,0.97
2262830,0.98
2268980,0.98
2275670,0.99
2286080,0.98
2289050,0.92
2290730,0.98
2293130,0.98
2293250,0.97
2295710,0.98
2296190,0.92
2296970,0.98
2313410,0.92
2317100,0.99
2317700,0.96
2319020,0.96
2320040,0.99
2324120,0.97
2324150,0.96
2324270,0.98
2326880,0.96
2327990,0.9
2329370,0.99
2331230,0.96
2335370,0.98
2341250,0.96
2341250,0.97
2354420,1.0
2356610,1.0
2357180,0.95
2367110,0.98
2367950,0.92
2374580,0.94
2377400,0.99
2377640,0.97
2382980,0.95
2385980,0.98
2387000,0.97
2397200,0.98
2398730,0.91
2400260,0.99
2402030,0.95
2407460,0.97
2407760,0.99
2410310,0.96
2412680,0.96
2416070,0.94
2416730,0.97
2418410,0.97
2418980,0.96
2421050,0.95
2427830,0.98
2431970,0.98
2432180,0.95
2437580,0.98
2439200,0.94
2439650,0.99
2456960,1.0
2457590,0.98
2459930,0.98
2462780,0.94
2464850,0.99
2465000,0.94
2467610,0.97
2468120,0.98
2474510,1.0
2476190,0.99
2481230,1.0
2482370,0.99
2482640,0.93
2487650,1.0
2487740,0.98
2490740,0.99
2493620,0.98
2494010,0.99
2500370,0.97
2507240,0.99
2507270,0.98
2511920,0.98
2517320,0.99
2518280,0.96
2522660,0.97
2524130,0.98
2529260,0.98
2538620,0.97
2540810,0.97
2541800,0.97
2549510,0.98
2555210,0.96
2555480,0.93
2556170,0.97
2557250,0.99
2563010,0.99
2563460,0.94
2564570,0.98
2566520,0.99
2567090,0.98
2574620,0.93
2575040,0.98
2579270,0.98
2582510,0.96
2583320,0.98
2586680,0.99
2588060,0.97
2590130,0.99
2598770,0.97
2599340,0.98
2605430,0.97
2605640,0.97
2609900,0.95
2612510,0.97
2619470,0.99
2620640,0.99
2629520,0.97
2630120,0.99
2634110,1.0
2634740,0.97
2639060,0.99
2639780,0.98
2645300,0.98
2648210,0.98
2648690,0.97
2652530,1.0
2652740,0.98
2655980,0.97
2657060,1.0
2658740,0.97
2671520,0.98
2672570,1.0
2672870,0.98
2678150,0.96
2682710,0.94
2690390,0.96
2691830,0.94
2692130,0.97
2693510,0.98
2695220,1.0
2698400,0.99
2698520,0.98
2704550,0.98
2708120,0.96
2718710,0.98
2719580,0.97
2720480,0.97
2722310,0.98
2722880,0.97
2730740,1.0
2731490,0.97
2734010,0.96
2734100,0.99
2736470,0.95
2738090,0.95
2740520,0.98
2756270,1.0
2758040,0.97
2758070,0.96
2758190,0.97
2767280,0.97
2769500,1.0
2770340,0.98
2771060,0.99
2779130,0.98
2779340,0.98
2785580,0.99
2787170,0.97
2791880,0.98
2792600,0.99
2794640,0.97
2799380,1.0
2803040,0.96
2803640,1.0
2804180,0.98
2805470,0.99
2806220,1.0
2811710,1.0
2816090,0.99
2820710,0.97
2822270,0.95
2822930,0.98
2824340,0.97
2830610,0.99
2831330,0.99
2840540,1.0
2842760,0.98
2851130,0.98
2855990,1.0
2858330,0.97
2860490,1.0
2867990,0.98
2868500,0.99
2870780,0.97
2872970,0.97
2874980,0.93
2876030,0.97
2876390,0.98
2882660,0.98
2883020,1.0
2883080,0.99
2891360,0.99
2893340,0.99
2895740,0.98
2902160,0.99
2904290,0.99
2907890,0.96
2908310,0.95
2910230,0.96
2910620,0.97
2918900,0.97
2921090,1.0
2921180,0.99
2922890,0.97
2934530,0.96
2951090,0.99
2951120,0.94
2952770,0.98
2953520,0.98
2954030,0.97
2954990,0.99
2958530,0.97
2960690,0.97
2961920,1.0
2966120,0.98
2966720,0.96
2967380,0.98
2975990,0.96
2976890,0.94
2982200,1.0
2984930,1.0
2986190,0.98
2989400,0.99
2990690,0.96
2992070,0.98
2993750,0.99
2997980,0.97
2998730,1.0
3000650,1.0
3002300,0.99
3006560,0.98
3018530,0.96
3033440,0.99
3033920,0.98
3040910,0.97
3044390,0.97
3044840,0.99
3044990,0.96
3045560,0.99
3046070,0.94
3046700,0.96
3048080,0.96
3052280,0.96
3054350,0.98
3059450,0.92
3063710,0.98
3065600,0.99
3068390,0.99
3069860,0.98
3071690,0.98
3074120,1.0
3080060,0.96
3082580,0.98
3083360,1.0
3083930,0.98
3086870,0.99
3089030,0.96
3095330,0.98
3095690,0.92
3117230,0.99
3119330,0.98
3119870,0.98
3120710,0.98
3121010,1.0
3122960,1.0
3128720,0.99
3128960,0.99
3129980,0.98
3131510,0.98
3134630,0.98
3142250,0.99
3147020,0.98
3148790,1.0
3151670,0.99
3154280,1.0
3157610,0.95
3160340,0.97
3161180,0.95
3163340,0.98
3163640,0.98
3165830,0.99
3172400,0.98
3172700,0.97
3181130,0.98
3181790,0.98
3183710,0.98
3198170,1.0
3198740,1.0
3204080,0.98
3205370,0.99
3206750,0.98
3207950,0.98
3215660,0.96
3217190,0.99
3220040,0.95
3220580,0.97
3224870,0.97
3226940,1.0
3231320,0.97
3234140,0.98
3235400,1.0
3237380,1.0
3241460,1.0
3242990,0.97
3245390,0.98
3248090,1.0
3250340,0.98
3250880,0.98
3254510,1.0
3260240,0.95
3263660,0.98
3264080,0.97
3268400,1.0
3275960,0.98
3285710,0.98
3291200,0.99
3291320,0.99
3291560,1.0
3292910,0.98
3293870,1.0
3308780,1.0
3309020,0.98
3311150,0.97
3316160,0.93
3316820,0.99
3318170,0.99
3318770,0.99
3324650,0.97
3326660,0.97
3327290,0.94
3328220,0.98
3333080,0.97
3333440,0.98
3334520,0.99
3336650,0.99
3337700,0.98
3340130,0.98
3352460,0.97
3355880,0.96
3356120,1.0
3361640,0.93
3368270,0.99
3368600,0.99
3375590,0.98
3377420,0.98
3377960,0.99
3380870,0.99
3391280,0.99
3394550,1.0
3396020,0.97
3396830,0.96
3401030,0.99
3401720,0.98
3409490,0.99
3409760,0.97
3410510,0.99
3412340,0.98
3418490,0.98
3420710,0.93
3420770,0.97
3422510,0.97
3424700,0.98
3426020,0.98
3438590,0.99
3439490,0.98
3446600,0.99
3447290,0.95
3450110,0.98
3450620,0.94
3452600,1.0
3455720,0.98
3460040,0.97
3464630,0.98
3465590,1.0
3465860,1.0
3466940,0.99
3475700,0.98
3480740,0.97
3487550,0.98
3490760,0.97
3491780,1.0
3494210,0.99
3497270,0.95
3497510,0.98
3497780,1.0
3502280,0.96
3506960,0.96
3509420,0.95
3509420,1.0
3510260,0.99
3517160,1.0
3518240,0.98
3522050,0.98
3524930,0.99
3528560,0.99
3534530,1.0
3539960,0.99
3541040,0.98
3542810,0.98
3543860,0.97
3544520,1.0
3546020,0.97
3549050,0.97
3555110,0.98
3557900,0.98
3568640,0.98
3572360,0.98
3574220,0.99
3574880,0.98
3575450,1.0
3579740,0.99
3581210,0.97
3581570,1.0
3581630,0.97
3590870,0.97
3591860,0.96
3594650,0.96
3597260,0.94
3607790,0.99
3608240,0.95
3612920,0.96
3620450,1.0
3622490,1.0
3622970,0.99
3625220,0.96
3628250,0.99
3629690,0.99
3632540,0.98
3638330,0.93
3638690,0.89
3640850,0.97
3647210,0.93
3655550,0.98
3656840,0.99
3660650,0.97
3662810,0.96
3664040,0.96
3665480,0.98
3666680,0.96
3668630,0.97
3675050,0.96
3677750,1.0
3680060,0.99
3685340,0.92
3685580,0.99
3686300,1.0
3687020,1.0
3700370,0.99
3701300,1.0
3701930,0.95
3703400,0.98
3703400,0.99
3705950,0.98
3706910,1.0
3711890,0.99
3716420,0.96
3727550,1.0
3728360,0.99
3729800,1.0
3732110,0.99
3732380,0.99
3738650,0.99
3741680,0.99
3745700,0.99
3745880,0.99
3751880,0.96
3755330,0.96
3757280,0.98
3760820,0.99
3764570,0.99
3766550,1.0
3772340,0.99
3780380,0.98
3781250,0.98
3783590,0.97
3784970,0.93
3785660,0.99
3787670,0.98
3790220,0.97
3790640,1.0
3791180,0.97
3796820,1.0
3801950,0.99
3807560,0.98
3813890,0.98
3814610,0.96
3818630,0.98
3821600,0.99
3824300,1.0
3827030,0.98
3827780,0.99
3829010,0.98
3834530,0.98
3837800,0.98
3839360,1.0
3843710,1.0
3845570,0.98
3850370,1.0
3850580,0.93
3856430,0.99
3860870,0.99
3863240,1.0
3870560,0.99
3872780,0.96
3877250,0.99
3878060,0.99
3884720,0.96
3885560,0.93
3885980,1.0
3889190,0.96
3891170,0.93
3891470,0.99
3900530,0.98
3903710,0.96
3908210,0.98
3909860,1.0
3909950,0.95
3912080,0.98
3915410,0.99
3915740,0.99
3917660,0.98
3920150,1.0
3926420,0.99
3929480,0.99
3930800,0.99
3934340,0.98
3937940,0.99
3948860,0.98
3951890,1.0
3952790,0.95
3961820,1.0
3963320,0.99
3963680,0.98
3964820,0.97
3965600,0.94
3968960,0.99
3972440,1.0
3975380,0.97
3983540,0.99
3988670,0.95
3988880,0.98
3990020,0.98
3994400,0.99
3998270,0.99
4000520,1.0
4001510,0.98
4002410,0.96
4004030,0.96
4004210,0.97
4009940,0.98
4012100,0.97
4021130,0.95
4024760,0.98
4025810,0.98
4026050,0.99
4030280,1.0
4036730,0.97
4041230,1.0
4044170,0.99
4045400,0.98
4049120,0.98
4052870,1.0
4053320,1.0
4057190,0.97
4063580,0.98
4063970,0.97
4066760,0.97
4069910,0.97
4070720,0.99
4072730,0.98
4075430,1.0
4076390,0.98
4078190,0.96
4082630,0.99
4083950,1.0
4084910,1.0
4086050,0.98
4094120,1.0
4096010,0.99
4099400,1.0
4103810,0.98
4104050,0.99
4104770,0.99
4109060,1.0
4114790,0.99
4123550,1.0
4124000,0.99
4127060,0.99
4130000,1.0
4132070,1.0
4144640,1.0
4145150,1.0
4146950,0.99
4148150,0.99
4152530,0.97
4154240,0.98
4157210,0.98
4158980,0.98
4159340,1.0
4167140,1.0
4170080,1.0
4170380,1.0
4171910,0.98
4173470,0.97
4179380,0.94
4179620,1.0
4182110,0.98
4186610,0.97
4189520,0.99
4192340,0.94
4196510,0.99
4204940,0.99
4205900,0.98
4211930,0.99
4212020,0.97
4213070,0.95
4216820,1.0
4220390,0.99
4221590,0.98
4224680,1.0
4224980,0.99
4235270,1.0
4235510,0.99
4240160,0.99
4246460,0.96
4247420,0.98
4250780,1.0
4256870,0.96
4261970,0.98
4262390,0.97
4264190,0.97
4265750,0.96
4269020,0.97
4271270,0.98
4274360,0.97
4275770,0.98
4280720,0.99
4281920,0.98
4285550,1.0
4287050,0.94
4287110,0.98
4289810,1.0
4294220,0.97
4298960,1.0
4299680,0.98
4305260,0.99
4310210,0.98
4315250,1.0
4322150,0.98
4323110,0.99
4325540,0.97
4333730,0.98
4336400,0.99
4338020,0.99
4338530,0.96
4340420,0.99
4340660,0.99
4341920,0.95
4351610,0.98
4351760,0.99
4352750,1.0
4353020,0.98
4354970,1.0
4358840,0.98
4360910,0.99
4363010,0.98
4363280,0.98
4363670,0.98
4367030,1.0
4373240,1.0
4375100,0.99
4380410,0.98
4383470,1.0
4391750,0.99
4394780,0.99
4395590,1.0
4400420,0.99
4405070,0.97
4417880,0.98
4419050,0.97
4420490,1.0
4420730,0.98
4421270,0.98
4425050,1.0
4427510,0.99
4435430,1.0
4436210,0.99
4436480,0.99
4437050,1.0
4438580,0.98
4438760,0.98
4441070,0.99
4441100,0.98
4441520,0.99
4441940,1.0
4444190,0.99
4449650,0.99
4456580,1.0
4457720,0.99
4470350,1.0
4475390,0.99
4476830,1.0
4479200,0.98
4485020,0.97
4488230,1.0
4490600,1.0
4491380,0.99
4493990,1.0
4498910,1.0
4501220,1.0
4509050,0.98
4509620,0.99
4509950,1.0
4514060,1.0
4517450,0.98
4517690,1.0
4519520,1.0
4521350,1.0
4522670,0.99
4524710,0.93
4526150,0.99
4527020,0.97
4534940,0.98
4536530,1.0
4541900,0.94
4545350,0.95
4551410,1.0
4558310,0.99
4558880,0.98
4559990,0.96
4564520,1.0
4565660,0.99
4573700,0.99
4576400,0.99
4577570,0.98
4579310,0.98
4582700,1.0
4589600,1.0
4590290,0.99
4590950,0.99
4594160,0.98
4595000,1.0
4595090,0.99
4595480,1.0
4595810,0.96
4599620,0.98
4605680,1.0
4607300,0.94
4607900,0.99
4613600,1.0
4616360,0.97
4636100,1.0
4637060,0.99
4637180,1.0
4639430,0.97
4641950,0.97
4643780,0.97
4644140,0.97
4645520,1.0
4649240,1.0
4652660,0.97
4652930,0.99
4657760,1.0
4664990,0.98
4665050,1.0
4666940,1.0
4667180,1.0
4668500,0.99
4673930,0.99
4678880,1.0
4681280,1.0
4682900,0.97
4683620,0.99
4686410,0.99
4694450,0.98
4694630,0.98
4695440,1.0
4702130,0.99
4714490,1.0
4715180,0.99
4716230,0.98
4719620,1.0
4720130,0.99
4720700,1.0
4724780,1.0
4729130,1.0
4730480,0.99
4733540,0.96
4735610,1.0
4736120,0.99
4740830,0.99
4744160,0.98
4754720,0.95
4759760,1.0
4759940,0.98
4763300,1.0
4763300,0.99
4764140,1.0
4764680,0.97
4765820,1.0
4766090,0.99
4777820,0.98
4778030,0.99
4780940,0.96
4782740,0.98
4798850,0.97
4799060,1.0
4800140,0.99
4801610,1.0
4802840,0.95
4807130,0.98
4808060,0.98
4810820,0.99
4811630,0.99
4814900,0.97
4819850,0.97
4821200,0.99
4831280,0.97
4832780,0.99
4837850,0.98
4840670,0.94
4841690,0.99
4841990,1.0
4843550,0.98
4848350,0.98
4851080,0.97
4854350,0.98
4854500,1.0
4860440,1.0
4861580,0.97
4862030,0.98
4865390,0.98
4871480,1.0
4879580,0.97
4880480,0.98
4886300,1.0
4888430,0.99
4890890,0.98
4890890,1.0
4894940,0.98
4895720,0.99
4899650,0.98
4902470,0.99
4908170,0.97
4908560,0.99
4916060,0.99
4916510,1.0
4919360,0.99
4919660,0.98
4924580,1.0
4926230,1.0
4927640,0.99
4929800,0.99
4931900,0.99
4932320,0.98
4932590,0.99
4934870,1.0
4945430,0.96
4950230,0.96
4956170,1.0
4956560,1.0
4963730,1.0
4964210,1.0
4967180,0.98
4969580,0.98
4970450,1.0
4971830,0.99
4972880,1.0
4981100,0.99
4982930,0.94
4988150,0.99
4992710,0.99
4994390,0.99
4995050,1.0
4998020,0.98
4999580,0.99
5000240,1.0
5004860,0.99
5006930,0.98
5007050,1.0
5011310,0.99
5011610,0.98
5015060,0.95
5017940,1.0
5022470,0.96
5025860,0.97
5030390,0.99
5039300,1.0
5039900,1.0
5046770,1.0
5047190,0.99
5047640,0.99
5050070,0.98
5055110,0.97
5059250,0.99
5064800,0.98
5066150,0.98
5070500,0.97
5071370,0.95
5072810,1.0
5075810,1.0
5078990,0.98
5079410,1.0
5081240,0.99
5083730,0.98
5084540,1.0
5089160,0.98
5090900,0.98
5094680,0.99
5097320,0.97
5098310,0.98
5112050,0.97
5116550,0.95
5121350,1.0
5122130,1.0
5122160,1.0
5123030,0.99
5127320,0.98
5127650,1.0
5130020,1.0
5133950,0.99
5144870,0.97
5145860,0.97
5148710,0.97
5151020,0.99
5151290,0.99
5151530,0.99
5156090,1.0
5163110,0.96
5165120,0.99
5165660,0.98
5166380,0.94
5171690,1.0
5172200,0.99
5175380,0.96
5181590,0.98
5186900,0.96
5191550,1.0
5192450,0.98
5200700,0.98
5204480,1.0
5206820,0.98
5207510,0.99
5208590,0.97
5212100,0.98
5213750,0.99
5214890,1.0
5222900,0.94
5223020,1.0
5224040,0.97
5228390,0.99
5236700,0.99
5238500,0.99
5240870,0.96
5241350,1.0
5243780,0.98
5246120,0.99
5247920,0.99
5248160,0.98
5251700,1.0
5257640,1.0
5257730,0.96
5260400,0.99
5263520,1.0
5264750,1.0
5273240,0.96
5275820,1.0
5284460,0.99
5286290,0.97
5294390,0.99
5297060,0.97
5298260,0.97
5301920,0.91
5302790,1.0
5309810,0.98
5312990,0.99
5313200,0.99
5315090,1.0
5316380,0.99
5317820,1.0
5318960,0.99
5320430,1.0
5321720,1.0
5322920,1.0
5326040,0.99
5330030,0.99
5330060,1.0
5331500,0.97
5335910,0.99
5345390,0.99
5346170,0.99
5350880,0.99
5351090,0.96
5357510,0.98
5360390,0.99
5366360,0.97
5367830,0.99
5375840,0.99
5377790,0.96
5382560,0.99
5390270,0.99
5390630,0.96
5391650,0.99
5391920,0.99
5395550,0.98
5395760,0.99
5396300,0.98
5396930,0.99
5397950,0.98
5402330,1.0
5407850,1.0
5413640,0.99
5414630,0.96
5418350,0.95
5418950,0.98
5421740,0.95
5427830,0.99
5434610,0.98
5436020,0.99
5438840,0.97
5439440,1.0
5441540,0.98
5442620,0.98
5445350,0.98
5452910,1.0
5456180,1.0
5461010,0.99
5465450,0.97
5471780,1.0
5472290,0.99
5473220,0.97
5476700,0.98
5479730,0.98
5484350,0.96
5488550,0.99
5488940,0.98
5489720,0.96
5493050,0.99
5493980,0.96
5496020,1.0
5496590,0.98
5504840,0.97
5513300,0.98
5515220,1.0
5515520,0.98
5515550,0.96
5518400,0.99
5519720,1.0
5523590,0.98
5524490,0.96
5526110,1.0
5533670,0.98
5536880,1.0
5537360,0.98
5543300,0.99
5543990,0.99
5555030,0.99
5555690,0.99
5557010,1.0
5562020,1.0
5567390,0.98
5568080,0.99
5568110,1.0
5568980,0.98
5573210,1.0
5576000,1.0
5577470,0.97
5585930,0.92
5586110,0.99
5589110,0.99
5589320,0.99
5592380,0.98
5594810,0.98
5595710,1.0
5597510,0.97
5608190,0.97
5610530,0.98
5612090,1.0
5617820,0.97
5619980,0.99
5626010,1.0
5628440,0.96
5630270,1.0
5630720,0.97
5634290,0.96
5643350,0.97
5643950,0.99
5652950,0.97
5656460,0.98
5658050,1.0
5658140,0.97
5659790,0.96
5660270,0.98
5661560,0.97
5663000,0.97
5664530,0.99
5675210,0.97
5677550,0.96
5678840,0.98
5679980,0.98
5684390,1.0
5686850,0.96
5689610,1.0
5694200,0.98
5694710,1.0
5698040,1.0
5698520,1.0
5706650,0.97
5714120,0.98
5715770,0.98
5716070,1.0
5725190,0.93
5730410,0.97
5730770,1.0
5735390,0.99
5736920,0.98
5738600,0.99
5740520,0.99
5742890,1.0
5743400,0.98
5745560,0.98
5747840,0.98
5751830,1.0
5752100,1.0
5757680,0.99
5757770,0.99
5768450,0.96
5770190,0.98
5771000,0.99
5772950,0.97
5776160,0.99
5780150,0.97
5781650,1.0
5782700,0.99
5790830,1.0
5793080,0.97
5797010,0.96
5800280,1.0
5805620,1.0
5810540,0.98
5812460,0.97
5814110,0.99
5818880,0.98
5819720,1.0
5822120,0.98
5822180,0.98
5823590,0.99
5824940,1.0
5829020,0.98
5831150,0.99
5832170,0.99
5842250,0.97
5848220,0.98
5850380,0.97
5851100,1.0
5851670,0.99
5851850,0.99
5855720,0.97
5857730,1.0
5861480,0.99
5870300,0.98
5872700,1.0
5874080,1.0
5878850,0.99
5885360,0.99
5887670,1.0
5889290,1.0
5889680,0.99
5892680,0.98
5904500,0.99
5904620,0.99
5905070,0.99
5905190,1.0
5905220,1.0
5906120,0.99
5910740,0.97
5914190,0.97
5915330,1.0
5925860,0.98
5929310,0.99
5929670,1.0
5932250,0.99
5934890,0.95
5935340,0.97
5939270,1.0
5939600,0.95
5939750,1.0
5941010,0.99
5950460,0.97
5955770,1.0
5959520,0.99
5962250,1.0
5963270,0.98
5972660,0.99
5978450,1.0
5979500,0.97
5980010,1.0
5981210,0.97
5983220,0.99
5985410,0.96
5986760,1.0
5989070,0.99
5995010,1.0
6001820,0.97
6004850,0.94
6005000,1.0
6005030,0.99
6005450,1.0
6010700,0.99
6011600,0.99
6021020,1.0
6022250,0.93
6022790,1.0
6023360,0.99
6027200,0.99
6031370,0.99
6039680,0.97
6042200,0.98
6042440,0.99
6046130,0.98
6051350,0.99
6061040,1.0
6061550,1.0
6062150,1.0
6065780,0.94
6069140,0.99
6072470,0.99
6074330,0.97
6076010,1.0
6080870,0.98
6081080,1.0
6085580,0.97
6085580,0.91
6088730,0.99
6089150,0.99
6092000,0.97
6092870,0.99
6093170,0.99
6098060,0.95
6102200,0.99
6104690,0.99
6114170,0.97
6119480,0.99
6120620,0.96
6121640,1.0
6128420,0.94
6131120,0.99
6132260,1.0
6143570,0.99
6144560,0.97
6148550,1.0
6149240,1.0
6150500,0.95
6153620,1.0
6156170,1.0
6156680,0.99
6158000,0.98
6158870,1.0
6164810,0.99
6164930,0.99
6169130,0.99
6172880,0.99
6174080,0.99
6177800,1.0
6182090,0.97
6182930,1.0
6183020,0.95
6183980,0.99
6192380,0.99
6198380,1.0
6201590,1.0
6206960,1.0
6207440,1.0
6217220,0.98
6219170,0.98
6222560,1.0
6225890,0.99
6227360,0.99
6227900,0.99
6236300,0.99
6238220,0.97
6238460,0.97
6239510,0.99
6240440,1.0
6243980,0.99
6244610,0.98
6246260,0.98
6248060,0.98
6254450,0.98
6255530,0.98
6259940,0.98
6262430,0.99
6264170,0.97
6266450,0.99
6269000,1.0
6272150,0.98
6284810,1.0
6290690,0.98
6293150,0.97
6301220,0.96
6304520,0.99
6308810,0.97
6309020,0.94
6309500,0.98
6314090,1.0
6316460,1.0
6318590,0.99
6321380,0.98
6322340,0.99
6323480,0.98
6324860,0.97
6325070,0.96
6325190,0.99
6328370,0.98
6334070,0.97
6337460,0.99
6340850,1.0
6341480,0.99
6345500,0.99
6354410,0.97
6354710,0.98
6356840,0.97
6364970,0.94
6366290,0.99
6371180,1.0
6373790,0.98
6380630,0.99
6383570,0.99
6386450,1.0
6387530,0.98
6388970,0.98
6399140,0.99
6402020,0.96
6404060,0.99
6406250,0.99
6406550,0.98
6408170,0.99
6409460,0.96
6410900,0.98
6411290,1.0
6412130,1.0
6413150,0.99
6414560,0.94
6424580,0.98
6424640,0.95
6425360,1.0
6430040,1.0
6435140,0.99
6441680,0.99
6443960,0.97
6447470,0.99
6449060,0.97
6454970,1.0
6461210,0.99
6463490,0.99
6464840,0.99
6466220,1.0
6467480,0.98
6474770,0.99
6476690,0.98
6476720,0.99
6486620,1.0
6488960,1.0
6490490,0.99
6491150,1.0
6491840,0.99
6494960,0.99
6498380,0.99
6504620,0.95
6506090,1.0
6506210,1.0
6507290,1.0
6511100,0.96
6511970,0.96
6517580,1.0
6519170,0.97
6526970,0.98
6529040,1.0
6532520,0.99
6537440,1.0
6541010,0.98
6547370,1.0
6548870,0.98
6550370,0.99
6555050,0.99
6560990,0.99
6563870,0.98
6564890,0.99
6565460,0.95
6567020,1.0
6569990,1.0
6571700,1.0
6576590,0.96
6579860,1.0
6581390,0.99
6583370,0.99
6585860,0.99
6588350,0.99
6594140,0.97
6596390,0.97
6599780,0.97
6599990,0.95
6604070,0.99
6605540,0.99
6610460,0.97
6614750,0.99
6622370,0.99
6626810,1.0
6629330,0.98
6629360,0.98
6630470,0.96
6634250,0.99
6640190,0.98
6643940,1.0
6644000,0.97
6645680,0.99
6649400,0.97
6654110,0.98
6654500,1.0
6655250,0.98
6659120,1.0
6661040,0.98
6662120,0.99
6663230,0.97
6670520,1.0
6675620,0.99
6676130,0.98
6678800,0.97
6679100,0.98
6686060,0.95
6691850,0.99
6693050,1.0
6704600,0.97
6705410,0.99
6708890,1.0
6710780,1.0
6711140,1.0
6713420,0.99
6716000,0.96
6720440,1.0
6720800,0.98
6722480,0.97
6726590,0.91
6727100,1.0
6729560,0.98
6729830,0.99
6735740,1.0
6738500,0.99
6744920,0.99
6746570,0.99
6746810,1.0
6750890,0.98
6753140,1.0
6755060,0.99
6756740,0.99
6761810,1.0
6764540,0.99
6766820,0.98
6771890,1.0
6781610,0.99
6783710,0.99
6785570,0.99
6791000,0.96
6794270,0.97
6794690,1.0
6796370,0.99
6797330,0.98
6798800,0.97
6800180,0.99
6800810,1.0
6803960,1.0
6804380,1.0
6804680,1.0
6812660,0.98
6822560,0.99
6825740,1.0
6829700,1.0
6829790,0.99
6830270,1.0
6830870,1.0
6830990,0.95
6833870,0.99
6842750,0.99
6844430,1.0
6858830,0.98
6860570,0.99
6861050,0.95
6866030,0.98
6869540,0.99
6870410,0.99
6871100,1.0
6873170,1.0
6874940,1.0
6876380,0.99
6877670,1.0
6878180,0.98
6883490,0.97
6884780,0.97
6885500,0.99
6885500,0.98
6900530,1.0
6902660,1.0
6905390,0.98
6905450,1.0
6907010,0.98
6907460,0.98
6908690,0.98
6911000,0.99
6911270,1.0
6913790,0.99
6921050,0.99
6939950,1.0
6946400,1.0
6946580,1.0
6952820,1.0
6953330,1.0
6953660,0.99
6953720,0.93
6954530,1.0
6956510,1.0
6957170,0.99
6958790,0.99
6959510,0.99
6960410,0.97
6961430,0.98
6966590,1.0
6968630,0.98
6981710,1.0
6981950,1.0
6983480,0.96
6987470,1.0
6989210,1.0
6989960,0.98
6990410,0.96
6992420,0.97
6995810,0.99
6999410,1.0
7004690,0.99
7016510,0.98
7020770,1.0
7027610,1.0
7028750,1.0
7032170,1.0
7033460,1.0
7034150,0.97
7035020,0.97
7036850,0.99
7037210,0.97
7041860,0.97
7043990,0.97
7046000,0.96
7046570,0.98
7051790,0.95
7054310,0.95
7058060,1.0
7059320,0.98
7064660,0.98
7069310,0.98
7069580,1.0
7071440,0.99
7071740,0.98
7072760,1.0
7075820,0.98
7077650,0.98
7083590,0.99
7100360,0.99
7105370,0.99
7106600,1.0
7107560,0.98
7108310,1.0
7114040,1.0
7114700,0.97
7115480,0.96
7120730,0.99
7121600,0.98
7122410,0.99
7125020,1.0
7127180,1.0
7128590,0.97
7134620,0.98
7138490,0.96
7139030,0.98
7142150,0.99
7142480,1.0
7148720,0.96
7150670,1.0
7151750,0.98
7155290,1.0
7157930,0.99
7158770,0.97
7160570,0.99
7161230,0.98
7184090,1.0
7185590,1.0
7187840,0.99
7189040,0.99
7193090,0.99
7198430,1.0
7198850,0.98
7202510,0.99
7204550,0.98
7206710,0.92
7210580,0.92
7210640,0.99
7212560,1.0
7215050,1.0
7215500,0.98
7215860,1.0
7223990,0.98
7224680,0.98
7226450,0.98
7227800,1.0
7228340,1.0
7230380,0.99
7233950,1.0
7234100,1.0
7234490,1.0
7239140,0.99
7244660,0.97
7262480,1.0
7263590,1.0
7266860,1.0
7269620,1.0
7269770,0.98
7279580,0.98
7280840,0.98
7282130,0.99
7287470,0.98
7287620,0.97
7290140,0.99
7290620,0.97
7294130,0.98
7297580,1.0
7297580,0.99
7301210,1.0
7305200,1.0
7307840,0.97
7309640,1.0
7310240,1.0
7310870,0.99
7312070,0.98
7316180,0.98
7316990,0.96
7320950,0.96
7321850,0.99
7323920,0.97
7337780,1.0
7342460,0.99
7349720,0.99
7359140,0.97
7362440,0.98
7362890,0.99
7364570,0.99
7367240,1.0
7368560,1.0
7369790,0.99
7373180,1.0
7374320,0.99
7375550,0.99
7375610,0.99
7376330,0.93
7378850,0.98
7382360,0.99
7387280,0.99
7387790,1.0
7392080,0.97
7392950,0.99
7395320,1.0
7395680,0.96
7396490,1.0
7397960,0.97
7402850,0.97
7409630,1.0
7411100,1.0
7422140,0.99
7425410,0.99
7439660,0.99
7439690,0.98
7442660,0.99
7447520,0.99
7449230,0.99
7449800,0.98
7449830,0.98
7453130,1.0
7457090,0.99
7458530,0.98
7458650,0.98
7464890,1.0
7465010,1.0
7465940,0.91
7467350,0.99
7467980,0.98
7472150,0.98
7476230,0.98
7483130,0.98
7484120,0.98
7484120,1.0
7485470,0.99
7489130,0.98
7492520,1.0
7499300,0.93
7499450,1.0
7507010,1.0
7509560,0.99
7518320,1.0
7521470,0.99
7524440,1.0
7527830,0.97
7530800,1.0
7533590,0.97
7538900,1.0
7539440,1.0
7543640,1.0
7544960,0.94
7547690,0.99
7548590,0.99
7552730,0.99
7552760,0.96
7552940,0.95
7557710,0.98
7557920,1.0
7559120,0.99
7565000,1.0
7565270,0.96
7568480,0.98
7573010,0.95
7575530,0.99
7580900,0.97
7584980,1.0
7590710,0.98
7592870,0.98
7595870,1.0
7596080,1.0
7598900,1.0
7606700,1.0
7612670,0.97
7613420,0.98
7618970,0.98
7619420,1.0
7625810,0.99
7627970,0.99
7630670,0.98
7636940,1.0
7638110,0.98
7638110,0.95
7639550,0.99
7640570,0.98
7640690,0.98
7642010,0.97
7643810,0.97
7645520,0.99
7648910,1.0
7652570,1.0
7654790,1.0
7657610,0.99
7663190,0.98
7666400,0.99
7675940,0.99
7681640,1.0
7682150,0.99
7682210,0.96
7687520,0.97
7689080,0.98
7690340,1.0
7691120,0.98
7697210,0.99
7704830,0.99
7710680,0.98
7713110,0.98
7713320,1.0
7713980,0.99
7717130,0.99
7718270,0.99
7722800,0.98
7723550,0.99
7724840,0.99
7733390,0.96
7734050,0.91
7734290,0.96
7737140,0.97
7739690,0.98
7744220,0.94
7749770,0.96
7755680,1.0
7757660,0.99
7759190,0.98
7764920,0.97
7768490,0.98
7770020,0.98
7771010,0.97
7776830,1.0
7777730,1.0
7783400,0.98
7783940,1.0
7784540,0.98
7790510,0.98
7791860,0.98
7792790,0.99
7797650,0.98
7801370,0.99
7805750,0.99
7810160,0.98
7810460,0.99
7816340,0.96
7817420,1.0
7819940,1.0
7820330,0.99
7825220,0.99
7826600,0.98
7827200,1.0
7836140,0.99
7839650,1.0
7843100,0.98
7844300,0.99
7845260,0.95
7849940,0.97
7854770,0.96
7859990,0.99
7862210,0.98
7865480,0.96
7868120,1.0
7868330,1.0
7871000,0.93
7871150,0.99
7873190,0.99
7873850,0.98
7879070,0.98
7880150,1.0
7885190,1.0
7889180,0.98
7889780,0.98
7894670,0.96
7897460,0.99
7897670,1.0
7899590,0.99
7900280,1.0
7917320,0.94
7919630,0.99
7921460,1.0
7921730,0.97
7924940,0.99
7925000,0.97
7927520,1.0
7933850,0.99
7940660,0.98
7941260,1.0
7942520,0.98
7944680,1.0
7945970,1.0
7947230,0.98
7950050,0.99
7950170,1.0
7953470,0.96
7957100,0.99
7958810,1.0
7962680,0.99
7969520,1.0
7971260,0.99
7973090,1.0
7975670,0.98
7975790,1.0
7975880,0.99
7987970,0.99
7995020,0.99
8001260,1.0
8002250,0.98
8003990,1.0
8005550,1.0
8005760,0.99
8013830,0.97
8015330,0.99
8015480,1.0
8020100,0.99
8021450,0.99
8022500,1.0
8023700,1.0
8026220,0.97
8028380,1.0
8028590,1.0
8034170,0.99
8042480,0.95
8042570,0.99
8043410,0.99
8053100,1.0
8053640,1.0
8056100,1.0
8057480,0.98
8059010,0.99
8062850,0.98
8070440,0.97
8076230,0.98
8083430,0.97
8086100,1.0
8088860,0.96
8089130,0.99
8092370,0.99
8093210,1.0
8093900,0.99
8094230,0.98
8098520,0.99
8101220,1.0
8101430,0.98
8102450,0.99
8103860,0.99
8106260,1.0
8107670,0.99
8115680,1.0
8118230,1.0
8123570,0.96
8124680,0.98
8124920,0.96
8134340,1.0
8137100,1.0
8139440,1.0
8140790,0.98
8145560,1.0
8158220,0.95
8159330,1.0
8159720,0.97
8163560,1.0
8164220,1.0
8167670,0.98
8168390,0.99
8173850,0.99
8179040,1.0
8183090,1.0
8185370,0.99
8186690,0.99
8187980,0.96
8188340,0.97
8190290,0.99
8190800,0.98
8191730,0.99
8192780,0.96
8197760,0.99
8204030,1.0
8205560,0.96
8209430,0.98
8214680,0.97
8219240,0.99
8220050,1.0
8220560,1.0
8226590,0.96
8234450,1.0
8237150,1.0
8247110,0.97
8249150,0.99
8249390,0.99
8249960,0.98
8252600,1.0
8258330,0.99
8259140,1.0
8262110,1.0
8262800,1.0
8264150,1.0
8267990,0.99
8268890,0.98
8271050,1.0
8271800,1.0
8274020,0.99
8275790,0.92
8277770,0.97
8281490,0.99
8291360,0.98
8294900,0.99
8295170,0.96
8298740,0.99
8301530,0.97
8305430,0.95
8307380,0.96
8312990,0.98
8320010,1.0
8321840,0.99
8322140,1.0
8324030,0.94
8325380,0.99
8334920,0.99
8338250,1.0
8339840,1.0
8346470,0.99
8350190,0.99
8350790,0.99
8351000,1.0
8351210,0.99
8351570,0.99
8353640,0.98
8355110,0.99
8357660,0.99
8361830,1.0
8367350,0.98
8370920,1.0
8379740,0.99
8380460,0.99
8381510,1.0
8382830,0.9
8384840,1.0
8388920,0.99
8389310,1.0
8393750,1.0
8395880,0.99
8397320,1.0
8409230,0.97
8412110,1.0
8414660,0.97
8419730,1.0
8420240,1.0
8424890,1.0
8425430,1.0
8428280,0.99
8429690,0.99
8436380,1.0
8436650,1.0
8438180,1.0
8438540,1.0
8441090,0.97
8445650,0.97
8453060,1.0
8453780,0.98
8457470,1.0
8463080,0.99
8463920,0.99
8467610,1.0
8468240,0.99
8469530,0.99
8473670,0.94
8476700,0.99
8477540,1.0
8489270,0.99
8490770,0.96
8494790,0.99
8495300,1.0
8499620,1.0
8502470,1.0
8504750,0.99
8506970,0.99
8510270,1.0
8511740,0.95
8514980,0.99
8515070,1.0
8519870,1.0
8521430,0.97
8525330,0.98
8529500,0.93
8529500,1.0
8534090,0.98
8538380,0.96
8538710,0.99
8545610,0.99
8548460,0.99
8551100,0.99
8552060,0.98
8554580,0.94
8555990,0.97
8557520,1.0
8563280,1.0
8567000,0.99
8574260,0.98
8574440,1.0
8576960,0.98
8579210,0.98
8586500,1.0
8590970,0.99
8591300,1.0
8594120,0.97
8595560,0.98
8598260,1.0
8600330,1.0
8601170,0.97
8603510,0.95
8607980,1.0
8615870,0.99
8616530,0.99
8622020,0.94
8624840,1.0
8625290,0.98
8627960,1.0
8629730,1.0
8631020,0.93
8631590,0.98
8635700,1.0
8639870,0.99
8642270,0.99
8648480,1.0
8649740,1.0
8656730,0.98
8657600,1.0
8665370,0.92
8667410,1.0
8669330,1.0
8670410,0.99
8672990,1.0
8673800,1.0
8682410,0.98
8682740,0.98
8683520,0.97
8686070,0.91
8691350,0.95
8694170,0.98
8702000,1.0
8702480,1.0
8704340,1.0
8705390,1.0
8706950,1.0
8707850,0.99
8708330,0.98
8711360,0.99
8711600,1.0
8720210,0.98
8724350,0.97
8736830,0.95
8737460,1.0
8740580,0.95
8741180,0.99
8744930,1.0
8748920,0.97
8748980,0.97
8750450,0.99
8751770,0.98
8754980,0.98
8756990,0.98
8764010,1.0
8764490,1.0
8766980,0.99
8767220,1.0
8769230,0.99
8771600,0.99
8775980,1.0
8777450,0.99
8780510,0.99
8782190,0.99
8782940,0.99
8788040,0.98
8791970,0.97
8792630,0.99
8797280,1.0
8803310,0.97
8809160,1.0
8814710,1.0
8822840,1.0
8823020,1.0
8823140,0.99
8823920,0.99
8826200,0.99
8834990,0.99
8840930,0.98
8841080,0.96
8841890,0.99
8845280,0.98
8847200,0.99
8848850,0.99
8849090,0.98
8849930,1.0
8852990,0.99
8856470,1.0
8861270,0.99
8866100,0.97
8867330,0.98
8867390,0.97
8869040,0.97
8878430,0.98
8880440,0.98
8881460,1.0
8882480,0.95
8883590,1.0
8885900,0.98
8894720,0.98
8900270,0.99
8902700,0.99
8908400,1.0
8910110,0.98
8915000,0.99
8915990,1.0
8920010,1.0
8921480,1.0
8924300,1.0
8928680,0.99
8929130,0.96
8929220,0.98
8935040,1.0
8935280,0.98
8935610,0.99
8936420,0.99
8945030,0.99
8948360,0.99
8950160,0.98
8951690,0.99
8953100,0.99
8956310,0.98
8960150,0.99
8960630,0.99
8960840,0.98
8963630,1.0
8979140,0.98
8986910,0.97
8988110,0.96
8989070,0.99
8996930,1.0
8997590,0.97
9000200,0.96
9002420,1.0
9003530,0.97
9006950,0.99
9007730,0.99
9009140,0.97
9011270,0.99
9014270,0.98
9015410,0.97
9018020,0.98
9018740,0.96
9020780,1.0
9025040,1.0
9030560,1.0
9031220,0.98
9034820,0.98
9035360,1.0
9036410,0.99
9037040,0.97
9037610,0.99
9040130,1.0
9047660,1.0
9060800,1.0
9061490,0.99
9065390,0.98
9074270,0.98
9076940,0.99
9082040,0.99
9082070,0.98
9084590,1.0
9087890,0.98
9091760,0.99
9092840,0.97
9093650,0.99
9095330,1.0
9095900,0.99
9098900,0.97
9106520,1.0
9107060,1.0
9107180,0.96
9107630,0.99
9107960,0.98
9112400,1.0
9112850,0.99
9113450,1.0
9115400,0.99
9117590,0.99
9126920,1.0
9128060,0.96
9141050,1.0
9148400,0.99
9155960,0.97
9156590,1.0
9157910,0.91
9164750,0.97
9166730,1.0
9170210,0.98
9171920,0.99
9172700,1.0
9173090,0.97
9175880,0.99
9176150,0.95
9180980,0.99
9182270,0.97
9184310,0.98
9187850,1.0
9188390,1.0
9190340,0.98
9194240,0.98
9194870,0.96
9196250,0.98
9197810,0.99
9200030,1.0
9201380,0.99
9202310,0.98
9207500,0.97
9223130,1.0
9225860,0.98
9232880,0.98
9241700,1.0
9241820,0.98
9243920,0.97
9244250,0.99
9244280,1.0
9244700,1.0
9245990,0.99
9247280,0.99
9254090,0.98
9261380,0.99
9265100,0.99
9266090,0.99
9266600,1.0
9267410,0.99
9268130,0.99
9269180,0.98
9269660,0.99
9273350,1.0
9279020,0.99
9280040,0.98
9281120,0.99
9281750,0.97
9288770,0.99
9292100,0.92
9305720,0.98
9311630,0.98
9312620,1.0
9314840,0.99
9315230,0.99
9316130,1.0
9318140,1.0
9321230,0.99
9325220,0.98
9328220,0.99
9329660,1.0
9338300,0.97
9338870,0.98
9339590,0.98
9344000,0.99
9347390,0.99
9348140,0.98
9348410,0.98
9348710,0.96
9349400,0.96
9354200,0.98
9356390,1.0
9363440,0.98
9365210,0.98
9366230,0.99
9367520,0.98
9381620,1.0
9383600,0.99
9388760,0.99
9392000,0.99
9392960,0.93
9395870,0.99
9396500,0.97
9400550,0.99
9400670,0.96
9408710,0.99
9410750,1.0
9415640,0.98
9421040,1.0
9422720,0.99
9423860,0.97
9425630,0.99
9425720,0.97
9426320,0.96
9427730,1.0
9429440,0.96
9431000,1.0
9437360,1.0
9440930,0.98
9447860,0.97
9448580,0.98
9452600,0.98
9454610,0.97
9463070,0.99
9464480,0.99
9470450,0.98
9473060,0.97
9476570,0.99
9478940,0.97
9479810,1.0
9480290,0.99
9483560,0.99
9483920,0.97
9493040,1.0
9494420,0.99
9496340,1.0
9498530,0.98
9499430,1.0
9505430,0.98
9506210,1.0
9508370,1.0
9508940,1.0
9514310,0.99
9515690,0.97
9515870,0.99
9520490,1.0
9521000,0.99
9521690,1.0
9524390,0.99
9535640,0.99
9536870,0.98
9541700,0.97
9546680,1.0
9555290,0.98
9555320,0.98
9558080,1.0
9561620,1.0
9563120,1.0
9565730,0.97
9570020,0.99
9571820,1.0
9571850,1.0
9573740,1.0
9575870,0.96
9586280,0.99
9586610,0.95
9591110,0.98
9592610,1.0
9593480,1.0
9596810,1.0
9597590,0.95
9599330,0.98
9601130,0.99
9601460,0.95
9606980,0.99
9611780,0.99
9617120,1.0
9619550,0.99
9627830,0.96
9631730,0.98
9642410,0.99
9642440,0.98
9645890,0.99
9646910,1.0
9647690,0.96
9648980,0.99
9653090,0.99
9653510,0.99
9655640,0.98
9658310,0.98
9661550,1.0
9662780,1.0
9662810,0.97
9668240,1.0
9669470,1.0
9670220,0.98
9673850,0.96
9677840,0.99
9678290,1.0
9678560,1.0
9680630,0.99
9687860,0.95
9689900,0.98
9705740,0.97
9706610,1.0
9710360,0.98
9716090,1.0
9720800,0.96
9721400,0.99
9723290,1.0
9724880,0.99
9731720,0.98
9735110,0.96
9736820,0.98
9737570,0.98
9738800,1.0
9739460,0.99
9740930,1.0
9745850,0.99
9747020,1.0
9747230,0.99
9752090,0.98
9756050,0.97
9757010,0.97
9759590,1.0
9761570,1.0
9763910,0.98
9772850,0.97
9773870,0.99
9779930,0.99
9791240,0.97
9792620,0.96
9796280,0.98
9796760,0.99
9799940,0.98
9802550,1.0
9810890,0.98
9814340,0.98
9815060,1.0
9815240,0.98
9815960,0.99
9817040,0.98
9817700,0.97
9820370,0.97
9821510,1.0
9827150,0.99
9828050,0.97
9829640,0.99
9834350,1.0
9835700,0.95
9836390,1.0
9837020,1.0
9838220,0.98
9841400,1.0
9848270,1.0
9851150,0.96
9853730,0.98
9867950,1.0
9876470,1.0
9876560,0.96
9876740,1.0
9880610,0.97
9882800,0.95
9885380,1.0
9891650,1.0
9893390,1.0
9900500,1.0
9900830,0.99
9901370,0.99
9903590,0.97
9903620,0.99
9904250,0.94
9904610,0.99
9908060,1.0
9909140,0.99
9910820,1.0
9912620,1.0
9914630,1.0
9920540,0.99
9921320,1.0
9923030,0.97
9924590,0.96
9942020,1.0
9943670,0.98
9945980,0.89
9953270,1.0
9957140,0.98
9963170,1.0
9963290,0.95
9963470,0.98
9968780,1.0
9970490,1.0
9970730,0.94
9974600,0.99
9977390,0.97
9980360,1.0
9980450,1.0
9985190,0.99
9986630,1.0
9986870,0.99
9987560,1.0
9991040,0.98
9993410,1.0
9994190,1.0
9999710,1.0
10003250,0.98
10004060,0.97
10006070,0.99
10014860,0.97
10021280,0.98
10027520,0.99
10027640,1.0
10029290,0.99
10030550,0.99
10035380,1.0
10037270,1.0
10043180,0.96
10048100,0.98
10052390,1.0
10055210,1.0
10056290,0.96
10056980,0.99
10057820,0.98
10058660,0.96
10061300,1.0
10061420,1.0
10065860,0.99
10066640,0.99
10067510,0.99
10072460,0.98
10076120,0.99
10076990,1.0
10084700,1.0
10085300,0.98
10090280,0.98
10091030,0.93
10094810,1.0
10099370,1.0
10106000,1.0
10108190,0.99
10114880,0.98
10119620,0.99
10124120,0.99
10126910,0.98
10130780,0.99
10133960,1.0
10134260,1.0
10137170,0.99
10138580,0.99
10143260,0.98
10144220,0.99
10144880,0.99
10147070,0.98
10147130,1.0
10147640,1.0
10149230,0.96
10150460,1.0
10151510,0.98
10152200,1.0
10154450,0.99
10160840,1.0
10169720,1.0
10173350,0.99
10177280,1.0
10181720,1.0
10190060,0.99
10192700,0.99
10192820,0.99
10204460,1.0
10205000,0.98
10206170,1.0
10206500,0.97
10209410,0.98
10209650,0.99
10216220,1.0
10217750,1.0
10221020,1.0
10225010,1.0
10226120,0.97
10226720,0.98
10229060,0.99
10230590,1.0
10232390,0.96
10234070,0.99
10234790,0.97
10234850,0.98
10237820,0.97
10238150,1.0
10240970,0.99
10249700,0.97
10259090,0.99
10263470,0.99
10263620,0.98
10271000,0.98
10277810,0.99
10281830,0.99
10283150,0.99
10285790,0.97
10286750,0.96
10289750,0.99
10293260,1.0
10297460,0.96
10298450,0.99
10303070,1.0
10303130,0.97
10306310,1.0
10306550,0.99
10308080,1.0
10311080,0.98
10312880,0.99
10313840,1.0
10317800,1.0
10318490,0.95
10318910,0.97
10321370,0.94
10325150,0.96
10327400,1.0
10338770,1.0
10342250,0.98
10346570,0.98
10348940,1.0
10359230,0.97
10360670,1.0
10362500,0.98
10363400,1.0
10365110,0.97
10370030,0.99
10373810,0.99
10374350,0.99
10375010,1.0
10376510,0.99
10381280,1.0
10383830,0.97
10386290,1.0
10389200,0.97
10391810,1.0
10392290,0.97
10393610,0.98
10398500,0.99
10399310,0.97
10399970,0.99
10402040,0.97
10405460,1.0
10413020,0.96
10417400,0.98
10421090,1.0
10427210,0.96
10427510,0.96
10434710,0.99
10437800,0.99
10441370,0.98
10444490,0.99
10449200,1.0
10450880,1.0
10453130,0.98
10456610,1.0
10459010,0.99
10460510,0.93
10461800,0.99
10463000,0.99
10469600,0.99
10473200,0.98
10475510,0.98
10476140,1.0
10479440,0.97
10479560,1.0
10479620,0.99
10479680,0.96
10482980,1.0
10485830,0.96
10497740,0.97
10499900,0.95
10503650,0.99
10509320,0.95
10510400,0.96
10521170,0.99
10522520,0.98
10523930,0.98
10528490,1.0
10530620,0.99
10534670,0.99
10536500,0.99
10537340,1.0
10538840,1.0
10540850,0.9
10546490,0.98
10547990,1.0
10556510,0.96
10557560,0.97
10559150,1.0
10559420,0.98
10561310,0.94
10561460,0.97
10561760,0.98
10562450,0.99
10567550,0.97
10569590,0.97
10569890,0.99
10574450,1.0
10581560,0.98
10583030,0.99
10593470,0.95
10602050,1.0
10605290,0.96
10609190,1.0
10609550,0.97
10615970,0.97
10616300,0.99
10618400,0.98
10618820,0.99
10626260,0.98
10632020,0.97
10633520,0.99
10634540,0.98
10634570,0.99
10634750,0.95
10636070,1.0
10637150,0.99
10639610,0.96
10639640,0.99
10641830,0.98
10648280,1.0
10651040,1.0
10652600,1.0
10655540,0.96
10657760,0.98
10663550,1.0
10673150,0.99
10680230,0.98
10689440,0.99
10691360,1.0
10693010,0.98
10696820,0.99
10698230,0.93
10703750,0.99
10703960,0.98
10703990,0.98
10707200,1.0
10708160,0.96
10708190,0.98
10709270,1.0
10709990,0.99
10712990,0.99
10714280,1.0
10725110,0.99
10726730,0.98
10727360,0.97
10731380,0.96
10731890,1.0
10737560,0.95
10740830,0.99
10748330,0.94
10748360,1.0
10750700,0.95
10750820,0.97
10767590,1.0
10769270,1.0
10769990,0.99
10775870,0.96
10776500,0.99
10776770,0.99
10782380,0.99
10783430,0.99
10787510,0.98
10788770,0.99
10789580,0.95
10790930,0.99
10791800,0.98
10794110,1.0
10795580,0.97
10796690,0.97
10797860,0.99
10805900,1.0
10806800,0.98
10813700,1.0
10817060,0.98
10821950,0.97
10822250,0.99
10825730,0.99
10829300,0.99
10830260,0.99
10839620,0.98
10843640,0.99
10848320,0.99
10849430,1.0
10859750,0.97
10859960,0.97
10863140,1.0
10863530,1.0
10865120,0.99
10865330,0.97
10866290,0.97
10866410,1.0
10871120,1.0
10873220,1.0
10874420,0.97
10874540,1.0
10876220,0.99
10877690,1.0
10878080,1.0
10886240,0.92
10893080,1.0
10896500,0.97
10902320,0.99
10907270,0.98
10910150,0.99
10912160,0.98
10914080,1.0
10921040,0.98
10924640,0.99
10926620,1.0
10933340,0.98
10938410,0.98
10941350,1.0
10942250,1.0
10942700,1.0
10946510,0.99
10947020,0.98
10948400,0.99
10948670,0.97
10949960,0.99
10953410,0.99
10953710,1.0
10955480,1.0
10957250,0.96
10962770,0.97
10966280,1.0
10967900,0.98
10967960,0.99
10971620,0.99
10974530,0.99
10984640,1.0
10988270,0.99
10989980,0.99
10997900,0.97
10998620,1.0
11009000,0.99
11010950,0.97
11011820,1.0
11012360,0.99
11026760,0.99
11026790,1.0
11026910,0.99
11028770,1.0
11028770,0.99
11030300,0.95
11030420,0.99
11030540,0.98
11031680,0.98
11033120,1.0
11033330,0.99
11035580,0.98
11039240,0.97
11044790,1.0
11048720,0.99
11049530,0.98
11050010,1.0
11050430,1.0
11057990,1.0
11071130,0.99
11075480,0.97
11077790,0.99
11079080,0.96
11082590,0.99
11089040,1.0
11089160,0.99
11095610,0.98
11102330,1.0
11102690,0.97
11103890,1.0
11109500,0.98
11113580,0.96
11114630,0.99
11115440,0.97
11115500,0.97
11117720,0.97
11118440,0.99
11119580,1.0
11119880,0.97
11121020,1.0
11130140,0.96
11131730,1.0
11134850,0.97
11138300,0.98
11140820,0.99
11141390,0.97
11149730,1.0
11156840,0.99
11163530,0.99
11164040,0.97
11164460,0.97
11168360,0.99
11172950,0.99
11180120,1.0
11182460,1.0
11187710,0.99
11187770,0.99
11187890,0.97
11188910,1.0
11190170,0.96
11193980,1.0
11195390,0.96
11202800,0.99
11203010,0.99
11203160,1.0
11203430,0.97
11206550,0.93
11213510,0.98
11216420,1.0
11217200,0.96
11218880,0.99
11225150,0.97
11226470,0.99
11228840,1.0
11243060,1.0
11243600,0.95
11244110,0.99
11244710,0.98
11249420,0.99
11251040,1.0
11257220,0.98
11265860,1.0
11267690,0.97
11269730,1.0
11269880,0.99
11271650,0.98
11276960,0.97
11278430,0.99
11279870,1.0
11280710,1.0
11281370,0.99
11285720,1.0
11286470,0.98
11287670,0.97
11292830,1.0
11293220,0.99
11297840,0.99
11298860,1.0
11301440,0.99
11303270,0.99
11314130,1.0
11317880,1.0
11320520,1.0
11327120,0.99
11328860,1.0
11335430,0.96
11338340,0.98
11341040,0.98
11342960,1.0
11344040,1.0
11352530,0.99
11353970,1.0
11356910,1.0
11357990,1.0
11358230,0.97
11358740,1.0
11358800,0.98
11359040,0.99
11362220,0.96
11368460,0.99
11368820,1.0
11370350,1.0
11370470,1.0
11378330,0.98
11382740,0.98
11386760,0.97
11387750,0.99
11395550,1.0
11396150,0.99
11406140,1.0
11408600,0.98
11409680,0.95
11414720,1.0
11416850,0.94
11417660,1.0
11418470,0.97
11422220,0.97
11423420,1.0
11429330,0.98
11429630,0.99
11432660,1.0
11433440,0.97
11433980,1.0
11438450,0.98
11439200,1.0
11440100,0.99
11450270,0.98
11450540,0.99
11453810,0.96
11454140,0.96
11458550,0.99
11464520,1.0
11465120,0.99
11476370,0.99
11476910,0.98
11480390,0.97
11491250,0.99
11491670,0.98
11492720,0.99
11495120,1.0
11496050,0.96
11497430,1.0
11499530,0.97
11501480,0.99
11504450,0.99
11511470,0.95
11512250,0.98
11515100,0.99
11516390,0.98
11520350,0.98
11520950,1.0
11523920,0.99
11525900,1.0
11533070,0.94
11534990,1.0
11541410,0.96
11542340,0.96
11544800,0.99
11548310,0.98
11549900,1.0
11549960,1.0
11554190,1.0
11565950,1.0
11573210,0.98
11574230,0.99
11574260,1.0
11577140,1.0
11577170,1.0
11579390,0.98
11582570,1.0
11583260,0.96
11583290,0.99
11592470,0.98
11596910,1.0
11596970,0.98
11600240,0.98
11601170,1.0
11602670,0.98
11604170,1.0
11607590,0.99
11608040,0.99
11609480,0.99
11618990,0.99
11622680,0.97
11623460,0.98
11626520,0.99
11627330,0.99
11637230,0.97
11639480,0.99
11641610,1.0
11650580,0.98
11653640,1.0
11654330,1.0
11655410,1.0
11656100,0.99
11657000,0.99
11662700,0.98
11662760,0.97
11671940,1.0
11672060,0.99
11672450,0.99
11673320,0.98
11673530,1.0
11676290,0.99
11677970,0.99
11684960,0.99
11689280,0.97
11694890,1.0
11700380,0.97
11700470,0.98
11702390,0.98
11705840,1.0
11707310,0.96
11708240,0.99
11713580,0.99
11720900,0.98
11721140,1.0
11726480,1.0
11727740,1.0
11729960,1.0
11730650,1.0
11741630,0.99
11741870,0.97
11743010,0.97
11746100,1.0
11747960,1.0
11748380,0.99
11749550,1.0
11751350,0.99
11756690,0.98
11762390,0.97
11763440,0.98
11767130,1.0
11768810,0.98
11769230,1.0
11771720,0.97
11773190,1.0
11778950,1.0
11783840,0.99
11789090,0.99
11789540,0.96
11793770,1.0
11799770,1.0
11802770,0.98
11806220,0.98
11807780,0.99
11808980,1.0
11809850,1.0
11820650,1.0
11820740,1.0
11821790,0.99
11825180,0.99
11830940,0.94
11833100,0.99
11834990,0.97
11836100,0.99
11836460,1.0
11840840,0.98
11841290,0.98
11842520,1.0
11846840,0.97
11847140,0.99
11853890,1.0
11864720,0.96
11865110,1.0
11865980,0.99
11865980,0.95
11866310,0.99
11869430,0.99
11881160,1.0
11882360,0.99
11889410,0.96
11898020,1.0
11903390,1.0
11903870,0.98
11904800,0.93
11910020,0.95
11910500,1.0
11912120,0.98
11912420,1.0
11912630,1.0
11914670,0.97
11916920,0.99
11917070,0.97
11921690,0.99
11923610,1.0
11924210,0.97
11925410,0.94
11930060,0.99
11930690,1.0
11934050,0.98
11939450,1.0
11942240,0.97
11946680,0.95
11952230,0.99
11953520,0.98
11959910,1.0
11964800,1.0
11967290,0.99
11970410,0.99
11976620,0.99
11984690,0.99
11984870,1.0
11989520,1.0
11990030,1.0
11991110,0.98
11991740,1.0
11992400,1.0
11995460,0.96
11998370,0.99
12000380,0.97
12000740,0.97
12006320,0.99
12006650,1.0
12008930,0.97
12011300,0.94
12015860,0.97
12017090,0.99
12020990,1.0
12031220,1.0
12031250,1.0
12033770,0.97
12042200,0.95
12042710,0.99
12047870,0.98
12049310,0.97
12053060,1.0
12055430,1.0
12059870,0.99
12059930,0.95
12061310,1.0
12064250,1.0
12067070,1.0
12071570,1.0
12072680,0.99
12076880,1.0
12079730,1.0
12084650,0.96
12086030,0.94
12086840,0.99
12087110,1.0
12089120,0.99
12093110,0.98
12094820,0.98
12095630,0.99
12104150,1.0
12109130,1.0
12117110,0.96
12119210,0.98
12123530,1.0
12123650,0.99
12125630,1.0
12133370,0.99
12133550,0.99
12136580,1.0
12137720,1.0
12140180,0.99
12141380,1.0
12143840,1.0
12148010,0.99
12152420,0.99
12154520,0.97
12158180,0.98
12165530,0.98
12166340,0.99
12168260,0.99
12168500,0.96
12169910,0.99
12172550,1.0
12172910,0.99
12176270,0.97
12176450,0.97
12177350,1.0
12185690,1.0
12199280,1.0
12200210,1.0
12204050,0.99
12206900,0.99
12207230,0.99
12208790,1.0
12212390,1.0
12212480,0.95
12222710,1.0
12224780,0.99
12224780,1.0
12229790,0.99
12232520,1.0
12234260,0.97
12235820,0.98
12237410,0.98
12238820,0.98
12243050,1.0
12245810,1.0
12250880,1.0
12251060,1.0
12251300,1.0
12253160,1.0
12255950,0.99
12256340,0.93
12256580,0.99
12271250,0.97
12272450,1.0
12276170,0.97
12277760,1.0
12278150,0.99
12280400,1.0
12284990,1.0
12291650,0.98
12296330,1.0
12302720,1.0
12305660,1.0
12306620,1.0
12306950,0.99
12312620,0.98
12315050,0.99
12317060,1.0
12317420,0.99
12319460,0.97
12321020,0.98
12324470,0.99
12328160,0.97
12329090,1.0
12330680,0.99
12332840,0.98
12337220,0.99
12340730,1.0
12346130,0.98
12347780,1.0
12353150,0.98
12356750,1.0
12357170,0.98
12359840,0.98
12360980,0.97
12362420,0.98
12371750,0.95
12374420,0.98
12375920,1.0
12385700,0.99
12385940,1.0
12386330,0.99
12389750,1.0
12392390,1.0
12392690,0.98
12396290,0.99
12398420,1.0
12403310,1.0
12405800,0.99
12408530,0.99
12412160,1.0
12414590,0.98
12423740,0.96
12424940,0.98
12425330,1.0
12427610,1.0
12430670,0.99
12433370,0.99
12433820,0.99
12435590,1.0
12440600,0.99
12443300,1.0
12445040,0.98
12448940,1.0
12449750,0.98
12451760,1.0
12457220,0.99
12462260,1.0
12463400,0.99
12465650,0.99
12466790,0.99
12470930,0.99
12480020,0.98
12481130,0.99
12481370,0.99
12485690,0.99
12488060,0.99
12497720,0.9
12497840,0.96
12505430,1.0
12508010,0.96
12509480,0.97
12509540,0.99
12512720,0.96
12513980,0.98
12516770,0.98
12517220,0.99
12523550,1.0
12524300,1.0
12529880,0.96
12531920,0.98
12537290,0.99
12539270,0.98
12542210,0.98
12544010,0.99
12544640,0.96
12545630,1.0
12547910,1.0
12548900,0.97
12558110,1.0
12558320,0.99
12567260,0.97
12569630,0.98
12570380,0.99
12576890,1.0
12578060,1.0
12582560,0.99
12584090,1.0
12591560,1.0
12593810,0.95
12594200,0.97
12595370,1.0
12596840,0.99
12599330,1.0
12599450,0.98
12606980,0.97
12615920,1.0
12616430,0.97
12616970,1.0
12617870,0.95
12617870,0.99
12623960,1.0
12624800,1.0
12629450,0.99
12630170,1.0
12631280,0.99
12636680,1.0
12638150,0.99
12640190,0.96
12648080,0.99
12650420,0.99
12650570,1.0
12652460,0.98
12655700,1.0
12664550,0.99
12667010,0.99
12670730,1.0
12673010,0.99
12673460,0.99
12674420,0.98
12680720,0.99
12684200,0.96
12690800,0.99
12690950,1.0
12691730,1.0
12692720,1.0
12695690,1.0
12697520,0.98
12699710,0.97
12702230,0.97
12707120,0.98
12710300,1.0
12711080,1.0
12716060,0.98
12724940,1.0
12725060,0.99
12726800,0.99
12728750,0.98
12730970,0.98
12732230,0.98
12734870,0.96
12738740,1.0
12739130,1.0
12750770,0.98
12753440,0.98
12762440,1.0
12763820,0.98
12765080,0.98
12765770,0.99
12770030,0.99
12773270,0.97
12775310,1.0
12775820,1.0
12776720,1.0
12777440,1.0
12778940,1.0
12781490,0.99
12787010,1.0
12787730,0.98
12795320,0.98
12803000,0.96
12804500,1.0
12807560,0.98
12809420,1.0
12809540,1.0
12813350,1.0
12818960,0.97
12819470,0.97
12819950,1.0
12821060,1.0
12834440,0.99
12834440,0.99
12839060,0.99
12839660,0.98
12843290,0.99
12846140,1.0
12846830,0.98
12847970,0.98
12856910,0.99
12858620,0.96
12859280,0.98
12859700,0.97
12861620,1.0
12862790,0.96
12866510,0.99
12869120,0.97
12871730,0.99
12875510,0.99
12883880,1.0
12885110,0.97
12887090,0.98
12895790,0.96
12896540,1.0
12897830,1.0
12900740,0.99
12903380,0.94
12903560,0.99
12905540,0.98
12908270,0.99
12924230,1.0
12925310,0.99
12927740,0.99
12928940,0.98
12929210,0.97
12934250,1.0
12938120,1.0
12939620,0.99
12940610,1.0
12940850,1.0
12944450,0.99
12947210,0.99
12948560,1.0
12952970,0.97
12956450,0.99
12956720,1.0
12966410,0.98
12969500,0.94
12970520,0.98
12973670,0.99
12974990,1.0
12975800,0.99
12975950,1.0
12987410,1.0
12987560,0.98
12991400,0.98
12993860,0.98
13004570,0.99
13004870,1.0
13005440,1.0
13012490,0.99
13012550,1.0
13014380,0.98
13015760,0.99
13017500,0.99
13023380,0.96
13023800,1.0
13025210,0.98
13026650,0.99
13027970,1.0
13029080,0.99
13029320,0.99
13034390,0.96
13045640,0.99
13046750,0.99
13049030,1.0
13051940,0.99
13054820,0.99
13057280,0.98
13058720,1.0
13068290,0.99
13073630,0.99
13075550,0.99
13076150,0.98
13083230,1.0
13083800,1.0
13085330,0.99
13087820,1.0
13089470,0.98
13094690,1.0
13097360,0.98
13098710,1.0
13099850,1.0
13099880,0.97
13100840,0.97
13103450,0.99
13105760,1.0
13106030,0.99
13106750,0.99
13111520,0.99
13120280,1.0
13126430,0.98
13129160,0.99
13134530,1.0
13134890,1.0
13141520,0.97
13147010,0.96
13148570,1.0
13149260,0.97
13152950,1.0
13156220,0.99
13156760,0.98
13160690,0.98
13162400,0.98
13162610,1.0
13167740,0.99
13172930,0.98
13176110,0.96
13177790,0.98
13180730,0.99
13180760,1.0
13183340,0.99
13184180,1.0
13185170,0.96
13187960,0.98
13188170,0.99
13190420,0.99
13191290,0.97
13202780,1.0
13204310,1.0
13205870,0.99
13217780,0.97
13222700,0.99
13225490,0.99
13228490,0.98
13235090,0.99
13235690,1.0
13238150,1.0
13238930,0.99
13246670,0.96
13248470,1.0
13249820,0.98
13251230,1.0
13251410,1.0
13251590,0.99
13256270,1.0
13256360,0.99
13263920,0.98
13265240,1.0
13267370,1.0
13268360,0.98
13277690,1.0
13278230,0.98
13278830,0.99
13281740,0.97
13284110,0.96
13286600,1.0
13294940,0.94
13295600,0.98
13297400,0.99
13310540,1.0
13311590,0.97
13312580,0.99
13313930,0.99
13315370,0.97
13315850,1.0
13317110,0.99
13318010,1.0
13323380,1.0
13323980,0.99
13332410,0.99
13334960,0.97
13339040,0.99
13341290,0.97
13346030,0.99
13348250,0.98
13349690,0.99
13355450,0.97
13356830,0.98
13357700,0.99
13360340,0.99
13360370,0.99
13361390,0.99
13361750,1.0
13372580,1.0
13374320,0.99
13382690,0.99
13389800,1.0
13393130,0.97
13394330,0.99
13395830,0.98
13398530,1.0
13398740,0.98
13400570,0.99
13400900,0.96
13401890,1.0
13402790,1.0
13406390,0.98
13409240,1.0
13418780,0.98
13419770,0.97
13422260,1.0
13427540,0.99
13429400,1.0
13430390,0.97
13430840,0.97
13431920,1.0
13435730,1.0
13437410,0.98
13441160,0.97
13444910,0.95
13452260,1.0
13455830,0.98
13470830,0.96
13471700,1.0
13472330,0.99
13476110,1.0
13476470,0.97
13480370,0.99
13481360,1.0
13482230,0.98
13483700,0.99
13488110,0.96
13489880,0.96
13490120,0.99
13491740,0.97
13498040,1.0
13498340,0.98
13501430,1.0
13507940,1.0
13508840,0.98
13509620,0.98
13511390,0.99
13511690,0.98
13513700,0.99
13515260,0.98
13515800,0.95
13525370,1.0
13534430,0.97
13536200,0.98
13538210,1.0
13545920,1.0
13549040,0.99
13553570,1.0
13556660,0.95
13560320,0.98
13561490,1.0
13562600,0.99
13564940,0.96
13565900,1.0
13565930,0.99
13571120,0.98
13571810,1.0
13573370,1.0
13582310,1.0
13583360,0.99
13585160,1.0
13586000,1.0
13586150,0.96
13590980,1.0
13591490,0.97
13596590,0.97
13596710,0.97
13598810,0.98
13605980,1.0
13615490,0.97
13615790,0.98
13621730,1.0
13625870,0.95
13629110,1.0
13632110,0.96
13635290,1.0
13635620,1.0
13641740,1.0
13642430,0.99
13642910,0.99
13644500,1.0
13649450,0.97
13652540,1.0
13656800,0.99
13657490,1.0
13659740,0.97
13664810,0.99
13667210,1.0
13668830,0.97
13669520,1.0
13669670,1.0
13675250,1.0
13676900,1.0
13680770,1.0
13682810,0.98
13688870,0.99
13690670,0.98
13701710,1.0
13702040,0.99
13704380,0.98
13705730,0.97
13716770,0.98
13725230,0.99
13725500,0.96
13726280,0.96
13726310,0.99
13726520,0.97
13726970,0.96
13729400,0.97
13734170,0.96
13736660,1.0
13737560,0.98
13740650,0.98
13747610,1.0
13748210,1.0
13750250,0.97
13758500,0.99
13758710,0.96
13759460,1.0
13759790,1.0
13761200,1.0
13761680,0.99
13773080,1.0
13773260,0.95
13775720,1.0
13781750,1.0
13782380,0.98
13790990,0.99
13791650,1.0
13798790,0.99
13799540,1.0
13800680,1.0
13802990,0.99
13806170,1.0
13809680,0.99
13812500,1.0
13814150,0.99
13815920,0.99
13816910,0.99
13817360,1.0
13824680,1.0
13826330,0.99
13830230,1.0
13831190,1.0
13831850,1.0
13838060,1.0
13839500,0.97
13841270,0.97
13843820,0.99
13844810,1.0
13846880,1.0
13861940,0.98
13865360,1.0
13868060,0.99
13868810,0.99
13870160,0.95
13874990,0.98
13881890,0.99
13882400,1.0
13884230,0.99
13887200,1.0
13889030,0.99
13890290,1.0
13890800,0.99
13894670,0.99
13899290,1.0
13899350,1.0
13902500,1.0
13904510,1.0
13905230,1.0
13910240,0.99
13910840,1.0
13911890,0.99
13912850,1.0
13923290,0.99
13927160,0.96
13928000,0.97
13937840,1.0
13938140,0.99
13945580,0.99
13946090,0.99
13952570,0.99
13957970,0.99
13959830,1.0
13960070,0.96
13964810,0.98
13965050,1.0
13968470,0.99
13969910,0.96
13970360,0.97
13972580,1.0
13974290,0.99
13979450,0.98
13979870,0.98
13982210,0.99
13982240,1.0
13985930,1.0
13986500,0.96
13986530,0.99
13990880,1.0
13992290,1.0
13994750,1.0
14005910,0.99
14011850,1.0
14015810,1.0
14017070,0.98
14026010,0.99
14026520,1.0
14027600,0.98
14031140,1.0
14033030,0.97
14044820,0.98
14047430,0.98
14048270,1.0
14051420,0.98
14053310,0.98
14053970,0.95
14056100,1.0
14058050,0.97
14058620,0.99
14060180,0.94
14060840,1.0
14062910,1.0
14063810,1.0
14067020,1.0
14067560,0.98
14069150,0.97
14072210,1.0
14087540,0.99
14087900,0.99
14089160,0.99
14093450,0.96
14099780,0.99
14101010,1.0
14102090,0.99
14102960,0.99
14109920,0.99
14116880,0.98
14118860,1.0
14126120,0.99
14126900,1.0
14129660,0.99
14131610,1.0
14131970,0.99
14134190,0.99
14136410,0.96
14136830,1.0
14138780,0.98
14139920,0.96
14141180,1.0
14141270,1.0
14142350,1.0
14142350,1.0
14143340,1.0
14145200,0.99
14155640,1.0
14164250,0.99
14164700,0.99
14172590,0.98
14178440,1.0
14178770,0.99
14187800,1.0
14189060,0.97
14189390,1.0
14194460,0.96
14194460,0.95
14204540,0.98
14212370,0.97
14212640,1.0
14213930,0.99
14214500,0.98
14215250,0.95
14215730,1.0
14215760,0.99
14218220,1.0
14218340,0.99
14222900,0.98
14223260,0.96
14223860,0.98
14227580,0.97
14232380,1.0
14232650,0.99
14236190,0.94
14239400,1.0
14246000,0.98
14250830,0.98
14258180,0.98
14260550,0.97
14261930,0.98
14263880,0.99
14265290,1.0
14274530,0.96
14285000,0.98
14285000,1.0
14285060,1.0
14290820,1.0
14294060,0.98
14294660,0.99
14294990,0.98
14296250,0.98
14297060,1.0
14299130,0.99
14299190,0.96
14300780,1.0
14302880,1.0
14309390,1.0
14310650,0.99
14311400,0.98
14311670,0.98
14313380,0.99
14316230,0.99
14326070,0.97
14332850,1.0
14335190,0.98
14337980,0.99
14341910,1.0
14344670,0.98
14348960,0.97
14351870,1.0
14359220,1.0
14359850,0.99
14361230,0.98
14363570,1.0
14366300,1.0
14375090,1.0
14376350,0.98
14377040,0.99
14377520,0.99
14380160,0.98
14381840,0.98
14383310,1.0
14386490,0.97
14386520,0.93
14390330,1.0
14392490,1.0
14397530,0.98
14401220,0.97
14401400,1.0
14402690,0.95
14414090,0.98
14414870,1.0
14416730,0.98
14422190,0.99
14427080,0.99
14428400,0.99
14437490,1.0
14439770,0.92
14443550,0.99
14445590,0.99
14447030,0.97
14447690,0.98
14450390,0.99
14451860,1.0
14454350,0.99
14454680,0.99
14454920,1.0
14462690,0.99
14463950,0.98
14464040,1.0
14469890,0.99
14471720,0.96
14476130,1.0
14476190,0.92
14477660,0.99
14478410,0.96
14489420,0.99
14491730,0.99
14498120,0.99
14503010,1.0
14503220,1.0
14507540,1.0
14510270,0.95
14512760,1.0
14518610,0.99
14525840,0.96
14525990,0.98
14526800,0.95
14531660,0.96
14532350,1.0
14532890,0.96
14533400,1.0
14534270,1.0
14539310,0.95
14541890,1.0
14543960,0.99
14547230,1.0
14547980,1.0
14550650,1.0
14551880,1.0
14551940,1.0
14553200,0.96
14557490,0.99
14571830,0.98
14575520,1.0
14575880,1.0
14575910,1.0
14590580,0.98
14590580,0.97
14593610,0.98
14597870,0.98
14600120,0.97
14606480,0.99
14606510,1.0
14609090,0.97
14612870,0.94
14613590,0.96
14616890,0.98
14617760,0.99
14619500,1.0
14620130,1.0
14626400,1.0
14627030,1.0
14628080,0.91
14628200,0.99
14630660,0.98
14632460,0.97
14632610,1.0
14635010,0.98
14639690,0.99
14648300,0.99
14649140,0.99
14652680,0.99
14666900,1.0
14666930,0.97
14673080,1.0
14673920,0.99
14674850,0.96
14675030,0.99
14680160,1.0
14686190,0.99
14690540,1.0
14690990,0.99
14691830,1.0
14694980,1.0
14695040,0.99
14698130,0.99
14698190,1.0
14700410,0.97
14700680,1.0
14703020,1.0
14706110,0.97
14711330,0.98
14717750,1.0
14717930,0.98
14718620,0.97
14723270,0.94
14726900,0.97
14735960,0.96
14738720,0.99
14739350,0.99
14742350,1.0
14744120,0.94
14749520,0.97
14755970,0.99
14757650,1.0
14764280,0.96
14766560,1.0
14767160,0.98
14767520,1.0
14768570,1.0
14769290,0.99
14779520,1.0
14779610,1.0
14780480,0.98
14781140,0.98
14781920,1.0
14782130,0.98
14784710,0.99
14787080,1.0
14795780,1.0
14795990,1.0
14799920,0.99
14804450,1.0
14808650,0.99
14812400,0.99
14818760,1.0
14826470,0.98
14828510,1.0
14829770,0.96
14831900,1.0
14833280,0.99
14839430,0.99
14839610,1.0
14842010,0.98
14843120,0.99
14845670,1.0
14849930,0.99
14855720,0.99
14856380,0.98
14856560,0.97
14858810,0.98
14858870,0.99
14863820,1.0
14866880,0.99
14869220,0.97
14869460,0.97
14875160,0.98
14879240,1.0
14879510,0.98
14885240,0.98
14890490,0.99
14892080,1.0
14892860,0.99
14896430,0.99
14903660,1.0
14910080,1.0
14911370,0.98
14912060,0.99
14917940,0.98
14920250,0.99
14925620,0.99
14925710,0.98
14926130,0.98
14931830,1.0
14936390,0.99
14937110,1.0
14937770,1.0
14943140,0.98
14943410,0.98
14943620,1.0
14945180,1.0
14946320,0.99
14946590,1.0
14947040,0.99
14947370,1.0
14960210,0.98
14961200,0.98
14964350,0.99
14967710,0.98
14971700,0.99
14975690,0.98
14985620,1.0
14988830,1.0
14989670,0.96
14992640,1.0
14996060,0.98
14997080,0.95
14998820,0.98
15004970,0.98
15005420,1.0
15011360,1.0
15014630,1.0
15014840,1.0
15014840,0.99
15017690,1.0
15018890,0.99
15020720,1.0
15021890,0.97
15023000,1.0
15025100,1.0
15027590,0.97
15029180,1.0
15043760,0.98
15045080,1.0
15046910,0.99
15049730,1.0
15054410,0.99
15055070,0.99
15055430,1.0
15068360,0.99
15073910,0.98
15074780,1.0
15077390,1.0
15079280,0.99
15084770,0.95
15084920,0.98
15087050,0.99
15088070,1.0
15088100,0.97
15091490,1.0
15093980,0.99
15094100,1.0
15095060,1.0
15098960,1.0
15102620,0.98
15107270,0.98
15109100,1.0
15110120,0.97
15115940,1.0
15116600,1.0
15128330,1.0
15132470,1.0
15132650,0.98
15133100,0.97
15136100,0.97
15136670,0.96
15151100,0.98
15151730,1.0
15158540,0.98
15158600,1.0
15158930,0.99
15161960,0.96
15162080,0.96
15164510,0.99
15168200,0.99
15169880,0.99
15170090,0.99
15171200,1.0
15173360,0.98
15174830,0.98
15176420,1.0
15177050,1.0
15186050,0.99
15186350,0.99
15189230,1.0
15200780,1.0
15202370,0.99
15209900,1.0
15211430,1.0
15212840,1.0
15217190,0.97
15217610,0.98
15218120,1.0
15219770,0.97
15223610,1.0
15227810,0.99
15234920,0.99
15237890,0.98
15238160,1.0
15238310,0.99
15241340,1.0
15245120,0.98
15245300,0.99
15245990,0.99
15249920,0.97
15252710,0.98
15253940,0.97
15257840,0.98
15258170,1.0
15264830,1.0
15266510,0.99
15273050,1.0
15276230,0.98
15281840,0.97
15286730,1.0
15288620,0.99
15289940,0.99
15294650,1.0
15295700,1.0
15298070,1.0
15300440,1.0
15302540,1.0
15302840,1.0
15303800,0.98
15307910,1.0
15312950,1.0
15316700,0.98
15320810,0.98
15323360,0.97
15325550,1.0
15325670,0.98
15327620,0.99
15328400,0.98
15332900,0.99
15335480,1.0
15337100,0.99
15339080,1.0
15341330,1.0
15344660,0.97
15346820,1.0
15364370,1.0
15371180,1.0
15372140,0.99
15372200,0.96
15373190,0.99
15377480,0.99
15378560,0.99
15379850,0.98
15381590,0.98
15381740,0.97
15384110,0.98
15387110,0.99
15389090,0.98
15394790,1.0
15401270,1.0
15401990,1.0
15403370,0.96
15406550,0.99
15408230,0.98
15408920,1.0
15410030,0.99
15413030,0.98
15416030,1.0
15416210,0.99
15420200,0.99
15424190,0.99
15433460,1.0
15443720,0.98
15445160,1.0
15445430,0.99
15451250,0.99
15453320,1.0
15454400,1.0
15457220,0.99
15460400,1.0
15460820,0.97
15462470,1.0
15465950,0.99
15475130,0.98
15475880,1.0
15478520,1.0
15482300,0.99
15483080,1.0
15484790,0.98
15484850,1.0
15484940,0.98
15486500,0.99
15492140,0.96
15500720,0.97
15501440,0.97
15504290,0.98
15504680,0.95
15506570,0.99
15508820,0.98
15524300,1.0
15524810,0.96
15525500,0.98
15526130,1.0
15529400,0.98
15530930,0.99
15531650,0.98
15534950,1.0
15539150,0.98
15540230,1.0
15541880,1.0
15543800,1.0
15551870,1.0
15554240,1.0
15556700,1.0
15562910,1.0
15563840,1.0
15564200,1.0
15565520,0.99
15568040,0.98
15576980,0.97
15580070,0.97
15582320,0.99
15582500,0.99
15586190,0.99
15587000,1.0
15596510,0.97
15603110,0.98
15605540,1.0
15607790,1.0
15609290,0.99
15612680,0.99
15613190,1.0
15614720,0.99
15622430,1.0
15624620,1.0
15625340,1.0
15625400,0.99
15627110,0.96
15629420,1.0
15634280,1.0
15636380,0.98
15640430,0.98
15644870,0.99
15647840,1.0
15650090,0.98
15650720,0.93
15653360,1.0
15653960,0.99
15656810,0.98
15658280,0.98
15660590,0.97
15667610,0.97
15675710,1.0
15676130,1.0
15676850,0.97
15687020,0.99
15687410,0.99
15692900,1.0
15693200,0.96
15699320,1.0
15705320,0.99
15708200,0.97
15708350,1.0
15709760,0.99
15710540,1.0
15713720,0.96
15714140,0.98
15717020,1.0
15722000,0.99
15724370,1.0
15726290,0.98
15728090,0.98
15730640,0.99
15732890,1.0
15736070,0.99
15740630,0.99
15743030,0.99
15744290,1.0
15748280,0.99
15751430,0.94
15758060,1.0
15765500,1.0
15768590,0.98
15772430,0.99
15772670,1.0
15775340,0.98
15779090,0.97
15781850,0.99
15781970,1.0
15783200,0.99
15783530,1.0
15784850,0.99
15792470,1.0
15799400,0.97
15800900,1.0
15801260,1.0
15801350,0.99
15801770,1.0
15804110,0.99
15808130,0.99
15809780,1.0
15811370,1.0
15818570,0.99
15825380,0.98
15825530,0.97
15826550,0.99
15826820,1.0
15827720,0.99
15838280,0.99
15845960,1.0
15846740,0.99
15853940,0.99
15854570,0.98
15855290,1.0
15856490,0.97
15857330,0.99
15861260,1.0
15863180,0.98
15865880,0.99
15870440,1.0
15873230,0.97
15877490,0.99
15879830,1.0
15880340,1.0
15880520,0.98
15882980,0.99
15885140,0.98
15889460,1.0
15890450,0.96
15895220,0.99
15900110,1.0
15900170,0.98
15900470,1.0
15903260,0.98
15909290,0.99
15910580,0.99
15927860,1.0
15928130,0.99
15928370,1.0
15932480,0.97
15934160,0.97
15937040,1.0
15937910,1.0
15939500,0.98
15941150,0.99
15941660,0.99
15942980,0.99
15944360,0.98
15950390,1.0
15956300,0.99
15957440,0.99
15959540,1.0
15959810,0.99
15965540,0.99
15966380,0.98
15966770,0.99
15971390,1.0
15973760,1.0
15975020,1.0
15977660,1.0
15979490,0.98
15982820,0.99
15984050,1.0
16003580,0.99
16009160,0.99
16014320,1.0
16015040,1.0
16017080,0.99
16017320,1.0
16017620,1.0
16018250,0.99
16019300,0.99
16019540,1.0
16019630,0.99
16023440,0.99
16025600,0.99
16030220,1.0
16032440,1.0
16033730,0.99
16035890,0.98
16035980,0.99
16047770,0.95
16048340,0.99
16048880,0.98
16051790,0.99
16052030,0.99
16057190,1.0
16061690,1.0
16064480,0.97
16069220,0.98
16078760,1.0
16088150,1.0
16088240,1.0
16088360,1.0
16088870,0.98
16094300,1.0
16098110,1.0
16099280,1.0
16099880,0.97
16100060,1.0
16100960,0.97
16101020,1.0
16102040,1.0
16105520,0.99
16109120,1.0
16110800,0.99
16111520,0.99
16115990,0.97
16124480,1.0
16127840,0.99
16128230,1.0
16128350,1.0
16129580,0.97
16137380,1.0
16139090,1.0
16141010,1.0
16145180,1.0
16156760,0.99
16158380,1.0
16170920,0.99
16171220,0.99
16171670,0.99
16172090,0.97
16175420,1.0
16176680,0.99
16178990,0.99
16183220,0.91
16183730,1.0
16185440,0.98
16187030,0.98
16187210,1.0
16190450,0.99
16191290,0.97
16196420,1.0
16197440,0.98
16202570,0.99
16203020,1.0
16203950,0.98
16205990,0.98
16213430,0.97
16221110,0.98
16221530,1.0
16222790,0.98
16229990,1.0
16233890,0.99
16240550,0.96
16243400,0.99
16243610,1.0
16251740,1.0
16253030,0.97
16253420,1.0
16255400,1.0
16258340,1.0
16262600,0.97
16262720,1.0
16265420,1.0
16266080,0.98
16267490,1.0
16270970,1.0
16277090,0.98
16278230,0.98
16281470,0.99
16282640,1.0
16284590,0.99
16288070,1.0
16290770,0.99
16291430,0.99
16299740,0.98
16300490,0.99
16304510,0.97
16308170,1.0
16309670,0.99
16312220,0.99
16320920,0.99
16327370,1.0
16330940,0.99
16331270,0.96
16331930,0.98
16332200,1.0
16335710,1.0
16337960,1.0
16338140,1.0
16345640,0.99
16346720,0.99
16347260,1.0
16352150,1.0
16355450,1.0
16358000,1.0
16358360,0.99
16359740,1.0
16367510,0.94
16369100,0.98
16369940,0.99
16371050,0.99
16373450,1.0
16377560,1.0
16380170,0.99
16380860,1.0
16385030,0.99
16396490,0.97
16398650,0.99
16401650,0.98
16404920,0.98
16407260,1.0
16409900,0.98
16409990,1.0
16417220,0.98
16418690,1.0
16418750,1.0
16421930,0.99
16422680,0.99
16426640,1.0
16439510,0.98
16439900,0.99
16442420,0.99
16443020,0.98
16443230,1.0
16444670,0.97
16445600,0.99
16445930,1.0
16447580,1.0
16451030,0.99
16459310,1.0
16459640,0.99
16463270,0.99
16468400,0.95
16474820,0.98
16478780,0.98
16483910,1.0
16484180,0.98
16486070,1.0
16491650,1.0
16492850,1.0
16492970,0.99
16493570,0.99
16493960,1.0
16500710,1.0
16506770,1.0
16506950,1.0
16518410,0.99
16519250,0.97
16521590,0.99
16523810,0.97
16526090,0.98
16527140,1.0
16527140,1.0
16528880,0.96
16529390,1.0
16533950,0.98
16541180,0.99
16543250,0.99
16548890,0.99
16552220,0.97
16555550,0.97
16563260,1.0
16565090,0.97
16567880,0.96
16567910,0.99
16569020,0.99
16570520,0.99
16572920,0.98
16576070,0.99
16577720,1.0
16579700,0.99
16580750,0.97
16594940,1.0
16595000,1.0
16598810,1.0
16600070,0.99
16600850,0.98
16602410,0.99
16606100,0.97
16608800,1.0
16609580,0.98
16611920,0.96
16612550,1.0
16621310,0.96
16623410,0.99
16626080,0.97
16629590,1.0
16633880,0.99
16638920,0.98
16647200,1.0
16647500,0.99
16650050,0.96
16651340,0.97
16652630,0.97
16653770,0.99
16656140,1.0
16656230,0.96
16659350,0.98
16665080,0.98
16668590,1.0
16675070,0.98
16680320,1.0
16682870,0.98
16685930,0.98
16689620,1.0
16690730,0.98
16694330,0.99
16696460,0.97
16696910,1.0
16697450,0.98
16698680,0.98
16699370,0.98
16704290,0.99
16704290,0.99
16720640,1.0
16722830,0.99
16724990,0.98
16725770,1.0
16726850,0.98
16727960,1.0
16733870,0.98
16735100,0.99
16735310,0.99
16738250,0.98
16739300,0.94
16745870,0.97
