Wall time,Step,Value
1713800279.425679,768,10.0
1713800279.482532,3030,-6.158016681671143
1713800279.508165,4143,-7.542738914489746
1713800279.509872,4197,-6.263680458068848
1713800279.525774,4734,-5.803598403930664
1713800279.593003,8055,-7.175234794616699
1713800279.612205,9054,-6.112229824066162
1713800279.62427,9804,-7.24834680557251
1713800279.626257,9915,-7.329082012176514
1713800279.639703,10767,9.994279861450195
1713800279.64334,10998,-8.3136568069458
1713800279.663392,12030,-7.108409881591797
1713800279.695022,13584,-8.263655662536621
1713800632.725131,16698,-6.252905368804932
1713800632.825278,20505,-7.6916399002075195
1713800632.826487,20547,-6.208847999572754
1713800632.841064,21156,-8.3620023727417
1713800632.843183,21234,-9.322771072387695
1713800632.856275,21735,-7.91933012008667
1713800632.980804,24705,-6.381134033203125
1713800632.995234,25209,-5.930689811706543
1713800632.996215,25245,-5.516215801239014
1713800993.030191,26928,-4.950857162475586
1713800993.041541,27381,9.996676445007324
1713800993.073067,28713,-5.325882434844971
1713800993.116399,30822,-6.565191745758057
1713800993.146174,32343,-7.622905254364014
1713800993.168175,33318,-5.248556137084961
1713800993.246339,34524,-5.714940071105957
1713800993.246604,34539,-4.561183929443359
1713800993.249939,34650,-6.376532554626465
1713801353.134956,36972,-5.134877681732178
1713801353.260575,41259,-4.885866165161133
1713801353.347393,44835,-8.680031776428223
1713801713.209402,45066,10.0
1713801713.271579,45882,10.0
1713801713.419742,51852,-6.157864093780518
1713801713.420437,51876,9.830129623413086
1713801713.438361,53142,-5.775592803955078
1713802073.37178,55569,-8.457045555114746
1713802073.404861,57939,-3.9002020359039307
1713802073.408011,58125,-5.5737385749816895
1713802073.466418,62289,10.0
1713802433.644583,72414,-3.6500301361083984
1713802784.290697,65448,-4.411628723144531
1713802784.329014,68265,-6.691776752471924
1713802784.334969,69000,-1.70993173122406
1713803137.269242,73830,-5.334128379821777
1713803137.299518,77370,-6.200713634490967
1713803497.475166,83283,-7.37137508392334
1713803497.519633,88830,9.930571556091309
1713803857.80491,96417,-8.22704792022705
1713803857.809777,96780,-6.467801094055176
1713804217.912553,106470,-5.292382717132568
1713804217.95543,110823,-6.365174293518066
1713804217.968029,112275,-3.1656670570373535
1713804578.108467,115245,-9.714567184448242
1713804578.181935,121989,-1.9943300485610962
1713804578.189035,122577,-6.129909038543701
1713804938.116007,125028,-9.312040328979492
1713804938.233243,130839,-5.956909656524658
1713804938.277649,132273,-7.6694655418396
1713804938.281577,132417,-4.956038475036621
1713804938.38561,134277,-5.502242088317871
1713805298.320795,135516,-6.189603328704834
1713805298.399915,137796,-5.533109664916992
1713805298.476673,140610,-5.4888482093811035
1713805298.520067,141603,-6.052736282348633
1713805298.522728,141618,-4.987547397613525
1713805298.546765,142263,-7.157214164733887
1713805658.505367,145776,-5.591325759887695
1713805658.516219,146184,-5.827259063720703
1713805658.560579,148371,-5.668071746826172
1713805658.581652,149757,10.0
1713805658.612578,151803,-4.43989372253418
1713805658.623238,152532,-7.539335250854492
1713805658.698247,155133,-4.939838409423828
1713806018.568537,157764,-6.330493450164795
1713806018.571991,157971,-5.516717910766602
1713806018.602198,159510,-6.212341785430908
1713806018.684619,163983,-5.9115095138549805
1713806018.70106,164883,9.832892417907715
1713806018.759724,165864,8.739158630371094
1713806378.745045,170262,-7.098868370056152
1713806378.811517,173193,-7.082236289978027
1713806378.836681,174444,9.958429336547852
1713806378.840339,174705,-6.605121612548828
1713806378.877584,176760,-6.627909183502197
1713806738.77085,178881,-7.1800923347473145
1713806738.789431,179949,-6.027834415435791
1713806738.906055,185760,-8.02919864654541
1713806738.907879,185847,10.0
1713806738.938673,187605,9.93462085723877
1713806739.019634,188928,-5.5438761711120605
1713806739.033682,189579,-7.032224655151367
1713807098.967324,190974,-6.229593753814697
1713807099.017218,193833,-6.077610969543457
1713807099.050709,195756,-6.672069072723389
1713807099.051521,195798,-6.288911819458008
1713807099.067936,196614,10.0
1713807099.070051,196752,-7.4357428550720215
1713807099.082232,197451,9.938007354736328
1713807099.103817,198606,10.0
1713807459.045025,203979,-5.90900182723999
1713807459.078556,206019,-3.855241060256958
1713807459.088499,206622,-6.969824314117432
1713807459.122213,208590,-5.416154861450195
1713807459.143049,209883,-7.976284503936768
1713807819.055651,213339,-4.3409857749938965
1713807819.057232,213420,-7.121947288513184
1713807819.11501,216375,-6.787431716918945
1713807819.149985,218508,-4.200891494750977
1713808179.265655,224766,-6.062976837158203
1713808179.343756,228297,-7.887772560119629
1713808179.387683,231402,-4.191429615020752
1713808179.394883,231846,-6.534759998321533
1713808539.475386,240153,-5.736101150512695
1713808539.491842,240972,-7.178884029388428
1713808539.506734,241314,-2.2528798580169678
1713808539.590767,244536,-7.573944091796875
1713808899.728958,252114,-5.492523670196533
1713808899.750652,253404,-3.718040704727173
1713808899.763431,254244,-7.093226432800293
1713808899.795123,256338,-6.09367561340332
1713809259.780059,259803,-4.7612504959106445
1713809259.789695,260340,-4.176314353942871
1713809259.823114,262539,-7.736696720123291
1713809259.849591,264288,-6.54512882232666
1713809620.048567,275322,9.872020721435547
1713809620.05828,275901,-7.4731645584106445
1713809620.183665,280158,-6.442058086395264
1713809620.190341,280617,-4.8174848556518555
1713809980.1257,287166,-7.941052436828613
1713809980.165108,289695,-7.036509990692139
1713809980.222701,290940,-5.141270160675049
1713810340.16678,300204,-7.88436222076416
1713810340.179291,300990,10.0
1713810700.212272,304935,10.0
1713810700.221423,305490,-5.274715900421143
1713810700.303781,309546,-6.349206924438477
1713810700.309787,309915,-4.529025554656982
1713810700.399337,313473,9.85243034362793
1713810700.402955,313698,-4.599438667297363
1713811420.381416,329946,-5.0917534828186035
1713811780.551362,341931,-6.977177143096924
1713811780.566087,342924,-7.0789594650268555
1713812140.568185,349758,-5.687579154968262
1713812140.60632,351774,-5.195157527923584
1713812140.610849,352014,-5.608746528625488
1713812140.654446,353562,-3.965668201446533
1713812140.689277,355674,-5.7827959060668945
1713812140.732642,358512,-5.988769054412842
1713812140.805933,359499,10.0
1713812140.809004,359607,10.0
1713812500.795549,361092,-5.744021892547607
1713812500.825121,362991,-2.845968008041382
1713812500.827355,363144,-8.418622970581055
1713812500.847167,364533,10.0
1713812500.879485,366786,-4.432196140289307
1713812500.906591,368538,-4.616612434387207
1713812500.906883,368544,10.0
1713812500.916951,369276,-4.589102268218994
1713812860.960224,373815,-9.924118041992188
1713812860.961103,373881,10.0
1713812860.981674,375630,-6.450268268585205
1713812861.043915,379935,-5.620667457580566
1713812861.061058,381255,-5.953342437744141
1713813221.154532,383262,7.531585693359375
1713813221.182111,385155,-5.628645896911621
1713813221.204562,386811,9.86291790008545
1713813221.269925,389508,-7.830083847045898
1713813581.325022,397677,9.787522315979004
1713813941.410204,407007,7.117911338806152
1713813941.432065,408900,-2.2130730152130127
1713813941.439415,409677,-6.781181335449219
1713813941.468939,412209,9.912249565124512
1713814301.476712,421212,-6.835474014282227
1713814661.462386,428346,-5.590902328491211
1713814661.467964,428574,-5.840681076049805
1713814661.481925,430020,-3.268744468688965
1713814661.488833,430494,-7.931524753570557
1713814661.50687,432432,-6.057351589202881
1713814661.526485,434385,-2.656280040740967
1713814661.543782,436095,9.584098815917969
1713814661.609978,439053,-6.651581287384033
1713815021.60399,442263,9.927099227905273
1713815021.6069,442629,10.0
1713815021.612066,443187,9.78793716430664
1713815381.653294,450786,9.994199752807617
1713815381.732839,456132,4.160676002502441
1713815381.773347,459918,-4.916512489318848
1713815381.773935,459957,-6.088413715362549
1713815381.820851,461364,10.0
1713815741.758528,462267,9.911798477172852
1713815741.839239,471234,8.152347564697266
1713816101.783634,474453,-6.223537921905518
1713816101.788856,474936,-5.5282368659973145
1713816101.839961,480924,-5.615510940551758
1713816101.849539,482181,10.0
1713816101.911762,484443,-2.750980854034424
1713816461.874029,492834,9.142030715942383
1713816461.928148,495600,9.996805191040039
1713816821.881413,497835,7.537339687347412
1713817182.006904,511518,9.996828079223633
1713817182.017391,512838,9.997007369995117
1713817182.039588,515244,-4.562548637390137
1713817542.138093,519861,-7.998008728027344
1713817542.160685,522810,-6.534729480743408
1713817542.218393,527901,9.96574878692627
1713817902.295169,533205,9.818681716918945
1713818262.501013,545001,-4.023974895477295
1713818262.501267,545007,9.871332168579102
1713818262.509609,546222,-9.147259712219238
1713818622.770215,555549,-2.9960436820983887
1713818622.773342,555831,10.0
1713818622.774387,555909,-6.03848123550415
1713818622.774644,555915,10.0
1713818622.804874,559335,10.0
1713818983.013146,566019,-9.200838088989258
1713818983.042079,569166,9.370656967163086
1713818983.05235,570186,-9.715986251831055
1713818983.14511,574977,10.0
1713819343.085589,577341,-11.303098678588867
1713819343.098911,578406,9.898882865905762
1713819703.29718,591168,-2.6924290657043457
1713819703.300273,591447,9.947587966918945
1713819703.322663,593907,9.695053100585938
1713819703.329798,594612,-2.915459156036377
1713820063.512646,604188,-2.7113919258117676
1713820063.520125,604608,9.545584678649902
1713820063.539045,606120,9.691740989685059
1713820063.613946,609483,9.862441062927246
1713820423.571931,611166,8.503368377685547
1713820423.642739,616236,8.945893287658691
1713820423.646862,616680,6.443392753601074
1713820423.666445,618588,-2.8811914920806885
1713820423.679545,619806,10.0
1713820783.780965,624447,9.996914863586426
1713820783.828398,628395,-2.003736734390259
1713820783.835399,628908,9.686260223388672
1713821143.744688,632823,9.840727806091309
1713821143.790549,634728,9.634281158447266
1713821143.811617,636690,6.527005672454834
1713821143.848286,640026,-4.394482612609863
1713821143.927635,643233,10.0
1713821503.875453,645822,-4.048596382141113
1713821503.879141,646137,-5.98346471786499
1713821863.991075,661788,9.181711196899414
1713821864.000568,662862,9.825302124023438
1713822224.028996,668766,9.787505149841309
1713822224.100161,672924,9.933500289916992
1713822224.114661,674520,6.563920021057129
1713822224.132284,675819,9.70493221282959
1713822584.292789,680304,9.601334571838379
1713822584.422671,685245,10.0
1713822584.525378,687726,9.787729263305664
1713822944.381792,690270,9.667008399963379
1713822944.430607,692895,5.795277118682861
1713822944.465267,695919,7.098608016967773
1713822944.467388,696096,9.754181861877441
1713822944.502361,699129,9.875158309936523
1713823304.436342,701856,-7.9462504386901855
1713823304.444291,702339,7.830652713775635
1713823304.444882,702432,9.417168617248535
1713823304.471133,704688,7.013689994812012
1713823304.491459,706320,9.180817604064941
1713823304.501268,707154,9.75112247467041
1713823304.509399,707919,9.731040954589844
1713823664.711324,715710,8.072046279907227
1713823664.713536,715914,9.768996238708496
1713823664.716495,716184,8.062338829040527
1713823664.721235,716553,10.0
1713823664.725506,716961,10.0
1713823664.739059,718206,9.830728530883789
1713823664.742126,718326,9.886569023132324
1713823664.748512,718995,-4.461666584014893
1713823664.758042,719598,9.749428749084473
1713823664.790038,721935,4.223176956176758
1713824024.753777,724431,8.814453125
1713824024.832776,728979,10.0
1713824024.841014,729495,8.98731803894043
1713824024.879472,733005,10.0
1713824024.932639,734421,9.739328384399414
1713824384.98664,737940,9.802910804748535
1713824745.079509,749964,9.120492935180664
1713824745.084923,750396,-6.079394340515137
1713824745.086959,750597,9.940237045288086
1713824745.090844,750978,-4.839644432067871
1713824745.118203,753507,9.688329696655273
1713824745.141674,755394,9.695975303649902
1713825105.159149,759552,-5.343559741973877
1713825105.161206,759576,10.0
1713825105.182171,761604,9.857203483581543
1713825105.212298,763623,6.6828413009643555
1713825105.217204,764103,9.829912185668945
1713825105.23667,765366,-2.805321455001831
1713825105.351209,768810,9.62434196472168
1713825465.251741,769539,9.777433395385742
1713825465.350356,777147,9.736759185791016
1713825465.358394,777888,9.816819190979004
1713825465.42247,780294,9.903639793395996
1713825825.3396,782016,10.0
1713825825.354822,783189,9.774049758911133
1713825825.435252,789021,9.867772102355957
1713826185.481717,794235,9.941998481750488
1713826185.491391,794886,9.90526008605957
1713826185.573107,799971,9.797863960266113
1713826185.604112,801687,9.838104248046875
1713826545.749641,807561,-6.957816123962402
1713826545.815221,812334,-1.7718605995178223
1713826545.819496,812565,9.6951265335083
1713826905.771566,817191,6.874971389770508
1713826905.805938,819210,8.01643180847168
1713826905.846762,821613,9.707959175109863
1713826905.853589,822063,9.331461906433105
1713827265.938618,826974,9.705312728881836
1713827266.067044,833310,-2.020003318786621
1713827266.074461,833757,-3.6983327865600586
1713827266.088025,834585,9.422094345092773
1713827266.115428,835956,9.067358016967773
1713827266.179414,836349,9.706212997436523
1713827266.18319,836424,9.895524024963379
1713827626.043654,838269,6.974786281585693
1713827626.122472,842403,9.754267692565918
1713827626.185346,845442,10.0
1713827626.298552,847821,9.581939697265625
1713827626.303828,848190,-3.529676675796509
1713827626.305022,848220,9.857710838317871
1713827626.315045,848622,10.0
1713827986.222583,848901,9.731636047363281
1713827986.245742,850302,10.0
1713827986.310879,854367,9.566130638122559
1713827986.36902,857499,-2.4156322479248047
1713827986.376205,857967,8.195068359375
1713827986.428347,858954,9.765582084655762
1713828346.451877,862362,8.372430801391602
1713828346.456301,862602,9.875486373901367
1713828706.530648,871647,10.0
1713828706.617593,876177,9.886789321899414
1713828706.622269,876486,9.389519691467285
1713828706.676404,879582,10.0
1713829066.744714,884136,9.292595863342285
1713829066.827941,888501,-2.422802448272705
1713829066.897783,892356,8.703064918518066
1713829066.907863,892866,4.311023235321045
1713829066.971864,893664,9.966939926147461
1713829066.98141,894162,10.0
1713829426.975983,895197,9.486042022705078
1713829426.983486,895638,9.694461822509766
1713829426.984477,895722,-1.559714436531067
1713829427.000571,896574,9.636334419250488
1713829427.054376,899268,-6.364940166473389
1713829427.075391,900342,10.0
1713829427.108684,902607,10.0
1713829427.110528,902748,10.0
1713829427.123313,903390,9.341780662536621
1713829427.137415,904281,-2.8507726192474365
1713829787.230571,908469,9.474714279174805
1713829787.304524,911973,-2.074329376220703
1713829787.308834,912150,8.108509063720703
1713829787.354566,914610,9.290687561035156
1713830147.251874,919905,9.89468002319336
1713830147.254234,920034,9.56772518157959
1713830147.268292,920865,9.977042198181152
1713830147.30488,922911,9.802793502807617
1713830147.373778,925209,-6.803793907165527
1713830507.4691,930507,9.689085960388184
1713830507.485551,931395,7.108792781829834
1713830507.507686,932688,9.828227043151855
1713830507.517609,933252,9.871088981628418
1713830507.549312,934683,9.196033477783203
1713830507.553691,934902,9.756293296813965
1713830507.575527,936093,9.701495170593262
1713830507.600148,937578,9.730276107788086
1713830867.796535,948333,9.299532890319824
1713830867.812171,949197,7.81791353225708
1713830867.817479,949677,9.803252220153809
1713831227.70072,952113,10.0
1713831227.729446,953430,10.0
1713831227.745315,954204,9.812731742858887
1713831227.754495,954636,6.010692596435547
1713831227.764821,955266,8.338005065917969
1713831227.77618,955869,9.980804443359375
1713831227.816111,957774,9.99055290222168
1713831227.835306,958827,-7.077130317687988
1713831227.841938,959136,-2.1658289432525635
1713831227.874637,960552,9.719453811645508
1713831227.96677,962220,9.731646537780762
1713831587.823695,962898,9.982416152954102
1713831587.907087,966945,9.521927833557129
1713831587.993107,971124,9.865747451782227
1713831947.96083,976929,9.91862678527832
1713831947.974839,977667,9.71081256866455
1713831947.981284,978210,7.8028059005737305
1713831948.013539,979938,6.669563293457031
1713832307.972302,988020,9.761520385742188
1713832308.001198,988776,9.696383476257324
1713832308.02559,990168,9.827712059020996
1713832308.02976,990474,9.616283416748047
1713832308.037557,991026,8.0178861618042
1713832308.056542,992283,-2.0117223262786865
1713832668.186136,997488,9.785327911376953
1713832668.232827,1000248,7.723729133605957
1713832668.303188,1002603,-3.3754475116729736
1713832668.344102,1004979,9.900697708129883
1713832668.368821,1006308,9.217418670654297
1713832668.433315,1006992,-2.076815605163574
1713832668.457703,1007901,9.703543663024902
1713833028.498781,1013502,10.0
1713833028.512783,1014288,9.828392028808594
1713833028.51502,1014384,8.328502655029297
1713833028.572972,1016550,9.925790786743164
1713833028.585917,1017279,10.0
1713833028.639941,1018284,9.828184127807617
1713833388.439097,1020426,10.0
1713833388.455082,1021383,9.652849197387695
1713833388.472807,1022226,9.286029815673828
1713833388.518664,1024341,10.0
1713833388.523896,1024518,9.889310836791992
1713833388.568663,1026876,-2.1162450313568115
1713833388.695476,1029780,7.677863597869873
1713833388.705348,1030404,9.92552661895752
1713833748.570137,1032501,9.88729190826416
1713833748.574507,1032735,9.741815567016602
1713833748.680399,1038312,9.663370132446289
1713833748.841879,1041507,5.313025951385498
1713833748.843881,1041573,8.114336013793945
1713833748.845034,1041618,10.0
1713833748.846213,1041666,9.517767906188965
1713834108.575906,1043715,10.0
1713834108.586948,1044387,9.820433616638184
1713834108.629658,1046919,9.71379566192627
1713834108.63358,1047129,9.9079008102417
1713834108.639056,1047417,10.0
1713834108.642874,1047645,-5.16687536239624
1713834108.673323,1049397,9.942788124084473
1713834468.750207,1055400,7.206725597381592
1713834468.781608,1057059,6.614630699157715
1713834468.81684,1058982,9.528929710388184
1713834468.829243,1059588,9.670713424682617
1713834468.888852,1062627,9.63935375213623
1713834468.987234,1064199,10.0
1713834828.797211,1064274,9.53508472442627
1713834828.813848,1064589,9.976661682128906
1713834828.824532,1064994,9.99717903137207
1713834828.872684,1067343,10.0
1713834828.874767,1067439,9.530734062194824
1713834828.916911,1069806,9.783531188964844
1713834828.930894,1070625,9.740896224975586
1713834829.060791,1075326,9.408984184265137
1713835189.135494,1078566,9.708146095275879
1713835189.180351,1081065,9.888367652893066
1713835189.184046,1081179,10.0
1713835189.207452,1082469,9.699355125427246
1713835189.258157,1084989,7.858226776123047
1713835189.304591,1085481,9.816556930541992
1713835549.119946,1087974,9.902546882629395
1713835549.226047,1092228,9.708505630493164
1713835549.227571,1092315,9.740445137023926
1713835549.275799,1094982,9.951502799987793
1713835909.162033,1098945,9.932635307312012
1713835909.324741,1105848,9.979881286621094
1713835909.406818,1107741,9.84812068939209
1713836269.306342,1109262,8.52089786529541
1713836269.334677,1110276,5.720757484436035
1713836269.355325,1111215,9.706549644470215
1713836269.362507,1111545,9.71195125579834
1713836269.366949,1111866,9.538616180419922
1713836269.462897,1115694,9.695394515991211
1713836269.571877,1118796,9.975749015808105
1713836269.58539,1119381,9.849587440490723
1713836629.425959,1120986,9.667384147644043
1713836629.484455,1123791,9.492366790771484
1713836629.492918,1124226,9.730161666870117
1713836629.511828,1125186,9.99727725982666
1713836989.63902,1131675,9.979087829589844
1713836989.640576,1131786,8.776266098022461
1713836989.646098,1132065,7.918409824371338
1713836989.670127,1133361,10.0
1713836989.718567,1136058,7.558074951171875
1713837349.851125,1145184,9.84139633178711
1713837349.875322,1146267,9.913548469543457
1713837349.897009,1147287,6.733982086181641
1713837349.943146,1149480,9.808738708496094
1713837349.971012,1150914,8.066085815429688
1713837350.099688,1153083,9.89281940460205
1713837709.9726,1159866,9.105021476745605
1713837709.99371,1160796,9.919479370117188
1713838070.101361,1164930,-2.013547897338867
1713838070.125453,1165401,9.828054428100586
1713838070.127846,1165488,9.81640911102295
1713838070.224189,1169979,9.904833793640137
1713838070.268989,1172121,6.396384239196777
1713838070.369019,1174707,9.507116317749023
1713838430.362125,1176669,9.853318214416504
1713838430.379946,1177722,10.0
1713838430.380189,1177728,9.506202697753906
1713838430.401498,1178928,8.670498847961426
1713838430.441969,1180773,10.0
1713838430.491711,1183464,9.760762214660645
1713838430.524583,1185210,9.573119163513184
1713838430.614172,1186860,9.831670761108398
1713838790.728835,1188582,9.762674331665039
1713838790.814576,1192593,9.484601020812988
1713838790.817612,1192752,7.521454334259033
1713838790.868681,1195134,9.935559272766113
1713838790.976194,1197960,6.695885181427002
1713839150.900338,1200621,9.71718692779541
1713839150.974954,1203093,9.857207298278809
1713839150.987069,1203771,9.834023475646973
1713839151.008725,1204908,-6.414407253265381
1713839151.028616,1205931,9.667043685913086
1713839151.037318,1206264,9.960320472717285
1713839151.06987,1207968,8.919360160827637
1713839151.125001,1208448,-3.4368038177490234
1713839151.144833,1209354,9.843095779418945
1713839511.09737,1212045,9.842092514038086
1713839511.149141,1214004,9.687586784362793
1713839511.22324,1217628,8.779863357543945
1713839871.267416,1222440,9.592915534973145
1713839871.30452,1224426,9.742618560791016
1713839871.372785,1226811,9.409269332885742
1713839871.380189,1227183,6.683967113494873
1713839871.391988,1227804,9.572440147399902
1713840231.373424,1233165,9.49771785736084
1713840231.383545,1233762,10.0
1713840231.394666,1234326,10.0
1713840591.640462,1244262,9.245234489440918
1713840591.649968,1244514,9.809470176696777
1713840591.6783,1245744,10.0
1713840591.693837,1246491,9.92875862121582
1713840591.717977,1247451,9.317688941955566
1713840591.741233,1248645,10.0
1713840591.926451,1253025,9.676258087158203
1713840591.985968,1253919,9.980838775634766
1713840951.836487,1256202,9.527153015136719
1713840951.840458,1256328,10.0
1713840951.917297,1259994,9.859600067138672
1713840951.923104,1260285,9.920060157775879
1713840952.008846,1262934,9.981327056884766
1713840952.027432,1263852,9.829504013061523
1713840952.103863,1265013,8.768821716308594
1713841312.018053,1266684,9.820372581481934
1713841312.170296,1274133,10.0
1713841312.188692,1274472,9.674572944641113
1713841312.266525,1275894,9.41037368774414
1713841672.166794,1276893,-5.630758285522461
1713841672.246697,1280781,9.875710487365723
1713841672.267499,1281864,10.0
1713841672.351783,1286445,6.376451015472412
1713841672.467356,1287882,9.815779685974121
1713842032.354581,1289499,9.925078392028809
1713842032.36226,1290003,9.374580383300781
1713842032.396617,1291554,8.122163772583008
1713842032.442253,1293324,10.0
1713842032.458829,1294143,9.703192710876465
1713842032.473881,1294899,9.69080924987793
1713842032.480355,1295256,10.0
1713842032.490322,1295745,9.54676628112793
1713842032.498369,1296192,5.748223304748535
1713842392.503172,1299456,10.0
1713842392.519721,1299855,9.528197288513184
1713842392.521017,1299888,9.976351737976074
1713842392.554417,1301268,9.990998268127441
1713842392.555323,1301304,9.721906661987305
1713842392.600925,1303299,9.924423217773438
1713842392.648233,1305477,9.59538459777832
1713842392.691639,1307247,-2.3864824771881104
1713842392.730168,1309104,9.678216934204102
1713842752.777125,1311522,9.801900863647461
1713842752.818522,1313316,9.82236099243164
1713842752.96427,1319661,9.208701133728027
1713842752.965786,1319718,10.0
1713842753.026591,1320498,9.841132164001465
1713842753.046491,1321254,9.784562110900879
1713842753.053676,1321530,9.7850341796875
1713843112.97551,1322592,9.895156860351562
1713843113.020966,1324893,9.977375984191895
1713843113.02283,1324986,9.76431941986084
1713843473.168976,1334178,-3.2667500972747803
1713843473.179663,1334673,9.771281242370605
1713843473.251117,1338138,9.991813659667969
1713843473.260421,1338567,10.0
1713843473.401534,1342605,10.0
1713843473.415963,1342836,3.7534213066101074
1713843473.514445,1344057,9.903178215026855
1713843833.15989,1345752,9.552433013916016
1713843833.230403,1348707,9.482118606567383
1713843833.264116,1350726,9.846585273742676
1713843833.275498,1351260,9.454879760742188
1713843833.308071,1352907,9.620931625366211
1713844193.164548,1355700,9.846437454223633
1713844193.191628,1356417,9.90800666809082
1713844193.233382,1358373,9.548332214355469
1713844193.259762,1358928,9.815886497497559
1713844193.268697,1359384,9.665843963623047
1713844193.293166,1360611,8.979583740234375
1713844193.328175,1362069,10.0
1713844193.330217,1362183,9.856096267700195
1713844193.333443,1362324,9.70375919342041
1713844194.140029,1366392,9.95776081085205
1713844553.33054,1368093,10.0
1713844553.366119,1370064,9.983731269836426
1713844553.384482,1370898,10.0
1713844553.44071,1372359,-3.2517850399017334
1713844553.483099,1374594,10.0
1713844553.509618,1375797,9.832915306091309
1713844913.392237,1379109,9.825138092041016
1713844913.411352,1380087,9.633772850036621
1713844913.426813,1380819,8.758505821228027
1713844913.577885,1387605,10.0
1713844913.645835,1388403,9.96699333190918
1713845273.53642,1389321,10.0
1713845273.546385,1389507,9.55225658416748
1713845273.561362,1390092,9.974510192871094
1713845273.57102,1390473,9.952754020690918
1713845273.661221,1395009,6.829738616943359
1713845273.72668,1396665,-2.998155117034912
1713845273.80403,1398945,9.000493049621582
1713845273.849549,1399275,9.086867332458496
1713845633.681361,1401759,10.0
1713845633.725141,1403988,9.73017692565918
1713845633.731119,1404285,-2.0059614181518555
1713845633.739761,1404771,9.788704872131348
1713845633.740813,1404828,9.661266326904297
1713845633.757809,1405629,8.988454818725586
1713845633.774798,1406406,9.897541999816895
1713845633.834588,1409055,9.769607543945312
1713845633.844933,1409580,9.159407615661621
1713845633.849066,1409802,10.0
1713845994.517763,1411887,9.784324645996094
1713845994.528839,1412208,9.79702377319336
1713845994.538092,1412694,10.0
1713845994.59219,1415610,9.915216445922852
1713845994.639879,1417638,9.644824981689453
1713845994.645406,1417932,9.749549865722656
1713845994.674718,1419333,9.671477317810059
1713846353.888326,1423041,10.0
1713846353.937185,1424643,9.910589218139648
1713846353.947706,1425072,9.411141395568848
1713846354.086535,1431171,9.834778785705566
1713846354.198691,1433109,9.70578384399414
1713846714.303361,1441680,9.725088119506836
1713846714.312515,1442148,9.267977714538574
1713846714.328423,1442991,9.997020721435547
1713846714.33302,1443216,9.705817222595215
1713847074.280078,1446243,9.970497131347656
1713847074.292851,1446963,10.0
1713847074.328701,1448943,7.899879455566406
1713847074.401787,1452105,10.0
1713847074.530061,1455630,6.267283916473389
1713847434.406992,1457988,7.799474716186523
1713847434.421184,1458663,9.718477249145508
1713847434.479244,1461255,9.94475269317627
1713847434.488772,1461552,9.80534553527832
1713847434.547528,1464117,9.585650444030762
1713847434.552433,1464351,10.0
1713847434.571601,1465239,-2.263305902481079
1713847434.654721,1466916,9.33524227142334
1713847795.011317,1468050,9.71717357635498
1713847795.027063,1468788,7.778545379638672
1713847795.046967,1469856,9.666627883911133
1713847795.103504,1472262,8.606887817382812
1713847795.112603,1472679,9.707916259765625
1713847795.123238,1473069,9.81113052368164
1713847795.146484,1474242,9.99732780456543
1713847795.192165,1476369,9.710962295532227
1713847797.267965,1478784,9.82077407836914
1713848154.7363,1479276,10.0
1713848154.746042,1479729,9.67485237121582
1713848154.776297,1481358,9.894766807556152
1713848154.793205,1482114,9.972289085388184
1713848154.861592,1485570,7.579147815704346
1713848154.870157,1486068,9.824965476989746
1713848514.825402,1492308,10.0
1713848514.876211,1495077,9.178000450134277
1713848514.878015,1495191,-2.6152396202087402
1713848514.912775,1497006,9.90432357788086
1713848514.916298,1497156,9.62679386138916
1713848514.92849,1497726,9.701966285705566
1713848514.936465,1498026,9.933588027954102
1713848515.028243,1500156,10.0
1713848875.017577,1505424,9.879724502563477
1713848875.03253,1506201,-2.52176570892334
1713848875.061681,1507632,10.0
1713848875.079182,1508565,9.202800750732422
1713848875.09111,1509030,9.891762733459473
1713848875.166948,1510965,9.944257736206055
1713849235.146572,1514352,9.45539665222168
1713849235.159464,1514850,10.0
1713849235.241228,1517940,10.0
1713849235.260425,1518705,9.766471862792969
1713849235.329651,1521795,9.897140502929688
1713849235.410694,1522968,9.937801361083984
1713849595.383363,1523691,-4.873013973236084
1713849595.446886,1525182,9.752701759338379
1713849595.568222,1529640,9.814007759094238
1713849595.594616,1531020,9.824609756469727
1713849595.599368,1531293,8.536151885986328
1713849955.54981,1536318,9.625006675720215
1713849955.553948,1536516,9.73701000213623
1713849955.581258,1537935,10.0
1713849955.586153,1538295,8.709881782531738
1713849955.606535,1539447,9.593400955200195
1713849955.650218,1540281,9.781275749206543
1713849955.70309,1542846,9.86186695098877
1713849955.804219,1545705,7.130450248718262
1713850315.932099,1553970,9.704230308532715
1713850315.937473,1554288,-5.979973316192627
1713850316.044819,1556787,9.814828872680664
1713850675.908288,1559082,9.921871185302734
1713850675.952358,1561032,9.7584867477417
1713850675.958236,1561296,9.967130661010742
1713850675.959135,1561338,9.733814239501953
1713850675.977573,1562145,9.746299743652344
1713850675.984106,1562469,9.718470573425293
1713850675.984969,1562499,9.783963203430176
1713850676.194974,1567311,9.78182601928711
1713850676.202428,1567713,9.449132919311523
1713851035.942748,1570407,10.0
1713851036.06474,1576503,9.547513961791992
1713851036.083256,1577166,9.989815711975098
1713851036.083916,1577172,9.913105964660645
1713851036.093633,1577625,9.498329162597656
1713851036.174168,1578522,9.90699291229248
1713851396.061436,1581708,9.731816291809082
1713851396.089469,1583040,9.72791862487793
1713851396.159686,1586508,9.81503677368164
1713851756.325092,1592493,9.69588851928711
1713851756.370557,1594731,9.90762996673584
1713851756.459861,1599030,9.515885353088379
1713851756.472127,1599498,8.834577560424805
1713851756.578061,1600902,8.72600269317627
1713852116.435744,1604010,9.468711853027344
1713852116.461838,1605411,9.83431339263916
1713852116.497917,1607094,9.665190696716309
1713852116.504903,1607415,9.991497039794922
1713852116.538406,1609149,9.31834602355957
1713852116.575274,1610901,4.502369403839111
1713852116.589893,1611852,9.750060081481934
1713852116.651088,1612197,9.909266471862793
1713852116.68627,1613199,9.846811294555664
1713852476.600384,1618275,9.68099308013916
1713852476.622986,1619760,7.586096286773682
1713852476.628927,1620045,9.891404151916504
1713852476.786427,1624401,9.822738647460938
1713852836.794718,1625412,5.447331428527832
1713852836.8194,1626543,8.035048484802246
1713852836.831147,1627152,9.156665802001953
1713852836.839952,1627674,10.0
1713852836.858369,1628592,9.804591178894043
1713852836.867327,1628964,9.629473686218262
1713852836.982281,1634139,-5.938998699188232
1713853197.024226,1635984,8.090582847595215
1713853197.047111,1636848,10.0
1713853197.068831,1637901,9.997261047363281
1713853197.105201,1639698,9.760515213012695
1713853197.118109,1640298,10.0
1713853197.157385,1642011,9.854784965515137
1713853197.174254,1642752,9.748322486877441
1713853197.200901,1643889,9.824307441711426
1713853197.216867,1644645,10.0
1713853198.362913,1645617,9.793867111206055
1713853557.130823,1647150,9.803832054138184
1713853557.136358,1647270,9.874855041503906
1713853557.211962,1649208,9.286087036132812
1713853557.231678,1650054,9.901140213012695
1713853557.282326,1652520,9.879600524902344
1713853557.301315,1653432,9.641855239868164
1713853557.314057,1654071,9.489473342895508
1713853557.335175,1655253,8.615758895874023
1713853557.423139,1657344,9.637442588806152
1713853917.278407,1660869,9.99358081817627
1713853917.29724,1661673,9.763077735900879
1713853917.479906,1668120,9.942118644714355
1713854277.240803,1669563,9.975630760192871
1713854277.242243,1669584,9.908685684204102
1713854277.35293,1673376,-3.3510594367980957
1713854277.457994,1679058,-3.110140085220337
1713854277.508552,1679643,6.748195648193359
1713854637.496706,1681827,8.83197021484375
1713854637.517075,1682919,9.70836067199707
1713854637.523212,1683258,9.853973388671875
1713854637.582016,1685514,9.839995384216309
1713854637.61076,1686864,9.573014259338379
1713854637.620619,1687353,9.716971397399902
1713854637.627952,1687713,9.059722900390625
1713854637.630484,1687809,9.991957664489746
1713854637.650961,1688622,10.0
1713854637.67162,1689669,9.350576400756836
1713854637.740669,1690812,9.874887466430664
1713854997.642667,1691985,9.880457878112793
1713854997.689164,1693227,10.0
1713854997.695491,1693452,8.753044128417969
1713854997.719528,1694319,-3.945373773574829
1713854997.737137,1695060,9.833267211914062
1713854997.740531,1695186,10.0
1713854997.91824,1700871,8.732002258300781
1713854997.924484,1701198,10.0
1713855357.824444,1706289,9.328630447387695
1713855357.868236,1708392,-2.2836437225341797
1713855357.906656,1708914,9.800983428955078
1713855357.914992,1709271,9.890104293823242
1713855357.929439,1709901,9.73993968963623
1713855357.954823,1711155,-5.427487850189209
1713855358.044923,1713741,10.0
1713855717.966228,1714227,9.91968822479248
1713855717.992098,1714941,9.78941535949707
1713855718.001211,1715460,9.854569435119629
1713855718.003893,1715592,10.0
1713855718.056251,1718271,9.920378684997559
1713855718.085459,1719900,9.507390975952148
1713855718.138766,1721880,9.18757438659668
1713855718.154045,1722726,-4.839366912841797
1713856078.182459,1725648,9.662363052368164
1713856078.249911,1728759,9.207515716552734
1713856078.34878,1733202,8.83470630645752
1713856078.403769,1733907,10.0
1713856438.49585,1739223,9.80264949798584
1713856438.52285,1740612,9.4893798828125
1713856438.526472,1740753,6.974855422973633
1713856438.531536,1741044,-5.399467945098877
1713856438.5422,1741698,9.798312187194824
1713856438.545872,1741950,9.83277702331543
1713856438.549738,1742142,9.968493461608887
1713856438.553088,1742337,9.92499828338623
1713856438.563231,1742808,9.909202575683594
1713856438.57361,1743405,-4.242467403411865
1713856438.575957,1743534,-2.047421455383301
1713856438.59092,1744353,9.856032371520996
1713856438.59721,1744611,10.0
1713856438.716723,1746894,9.608541488647461
1713856438.718184,1746954,9.744214057922363
1713856798.720298,1749009,9.994771957397461
1713856798.774229,1751280,10.0
1713856798.801603,1752573,8.245613098144531
1713856798.823131,1753449,8.476547241210938
1713856798.827308,1753638,9.668191909790039
1713856798.885351,1756362,9.726741790771484
1713857158.910218,1759344,7.998254299163818
1713857158.924743,1760157,10.0
1713857158.957121,1761579,9.481428146362305
1713857159.003606,1764003,8.908661842346191
1713857159.029883,1765359,9.859119415283203
1713857159.057293,1766679,10.0
1713857519.074863,1770789,9.806985855102539
1713857519.269032,1779228,9.983305931091309
1713857519.319626,1779798,9.85862922668457
1713857519.329785,1780302,10.0
1713857879.090666,1782744,-3.462235450744629
1713857879.215125,1788714,7.542011737823486
1713857879.255034,1790598,-3.880155563354492
1713858239.357927,1797375,9.96888256072998
1713858239.399055,1799274,10.0
1713858239.399346,1799280,9.986067771911621
1713858239.416162,1800186,9.811537742614746
1713858239.517065,1802838,9.857864379882812
1713858599.494892,1804002,9.343448638916016
1713858599.566069,1807176,9.712747573852539
1713858599.636535,1810710,10.0
1713858599.697288,1812474,9.508831977844238
1713858599.753808,1812915,9.997024536132812
1713858959.558578,1814109,9.565075874328613
1713858959.608507,1815615,9.817815780639648
1713858959.643443,1816464,9.507768630981445
1713858959.672902,1817835,9.85637092590332
1713858959.682725,1818249,9.953337669372559
1713858959.688093,1818435,9.744115829467773
1713858959.714631,1819761,9.810388565063477
1713858959.726514,1820301,9.892457008361816
1713859319.728554,1825752,4.02186393737793
1713859319.73873,1826274,7.756420135498047
1713859319.76206,1827540,9.624687194824219
1713859319.835942,1830486,9.202887535095215
1713859319.845652,1831035,9.787772178649902
1713859319.876865,1832625,9.921366691589355
1713859319.928163,1835028,10.0
1713859319.983959,1835373,10.0
1713859679.929938,1842999,10.0
1713859680.001419,1845666,9.545021057128906
1713859680.030591,1846143,9.720344543457031
1713860039.837713,1848732,9.886798858642578
1713860039.978819,1854264,-2.768174409866333
1713860040.025238,1856166,9.949579238891602
1713860040.123329,1857738,9.825491905212402
1713860400.069816,1859955,9.74290657043457
1713860400.136837,1863201,10.0
1713860400.254968,1867593,9.837141036987305
1713860400.344146,1869903,10.0
1713860400.346364,1869951,9.932816505432129
1713860760.192179,1873269,9.858250617980957
1713860760.224181,1874913,9.825556755065918
1713860760.318194,1878660,9.6973295211792
1713860760.332858,1879332,9.9461088180542
1713861120.276194,1884288,9.62828254699707
1713861120.279708,1884405,9.80762767791748
1713861120.353184,1887840,9.92747974395752
1713861120.355245,1887873,9.939443588256836
1713861120.406151,1889181,9.691162109375
1713861120.497814,1891524,9.3983154296875
1713861480.378127,1892922,9.80140209197998
1713861480.452656,1896357,9.638032913208008
1713861480.471387,1897287,9.777786254882812
1713861480.519184,1899546,9.887248992919922
1713861480.534471,1900287,9.767056465148926
1713861480.545494,1900845,9.770554542541504
1713861480.555357,1901220,8.020525932312012
1713861480.627519,1901697,9.939618110656738
1713861480.679714,1902234,9.95047664642334
1713861840.436761,1903938,9.747673034667969
1713861840.446961,1904397,9.752211570739746
1713861840.457195,1904976,9.741695404052734
1713861840.460863,1905195,-6.376525402069092
1713861840.465312,1905393,9.706042289733887
1713861840.494034,1906692,9.275093078613281
1713861840.499348,1906920,6.361405372619629
1713861840.508467,1907325,9.794148445129395
1713861840.524003,1908093,9.149489402770996
1713861840.679301,1913268,9.612622261047363
1713861840.719732,1913949,9.899584770202637
1713862200.558631,1915764,7.669814586639404
1713862200.603634,1917270,9.738031387329102
1713862200.68387,1920153,9.51691722869873
1713862200.694943,1920501,9.68995475769043
1713862560.614967,1926723,9.877324104309082
1713862560.690048,1930236,10.0
1713862560.698475,1930566,4.091439247131348
1713862560.716048,1931487,8.720523834228516
1713862560.847043,1935471,9.252631187438965
1713862920.637765,1938168,9.847600936889648
1713862920.774026,1945200,9.863479614257812
1713862920.778057,1945404,9.720709800720215
1713863280.916433,1949676,9.081637382507324
1713863281.064365,1957224,9.909323692321777
1713863281.130814,1957929,-2.348867893218994
1713863640.971762,1961511,9.960968971252441
1713863640.972017,1961517,10.0
1713863641.001522,1963044,9.865764617919922
1713863641.009061,1963449,9.769336700439453
1713863641.016915,1963890,9.991438865661621
1713863641.027786,1964397,10.0
1713863641.058934,1965951,9.779555320739746
1713863641.078703,1967067,9.921226501464844
1713864000.920571,1970259,9.728209495544434
1713864000.945342,1970709,8.997369766235352
1713864000.95462,1971147,9.825581550598145
1713864001.048584,1973481,10.0
1713864001.077903,1975143,-2.85402250289917
1713864001.086542,1975542,9.927803039550781
1713864001.107049,1976505,9.862465858459473
1713864001.204403,1979217,9.482834815979004
1713864001.268918,1980615,7.914849281311035
1713864001.272421,1980762,9.860003471374512
1713864361.118413,1982022,9.74183177947998
1713864361.253763,1986684,9.82849407196045
1713864721.356357,1992843,9.812399864196777
1713864721.372336,1993548,8.324529647827148
1713864721.378765,1993872,-5.374643802642822
1713864721.387669,1994289,9.916695594787598
1713864721.532981,1999986,9.990456581115723
1713864721.550807,2000931,9.68869686126709
1713864721.558199,2001237,9.938632011413574
1713864721.565059,2001465,9.968141555786133
1713865081.514546,2005584,9.749235153198242
1713865081.562193,2007975,-3.545882225036621
1713865081.62505,2008659,9.79683780670166
1713865081.625829,2008671,9.853322982788086
1713865081.628728,2008836,-2.1736981868743896
1713865081.640667,2009394,10.0
1713865081.702678,2012448,9.853191375732422
1713865441.622527,2015868,9.881875991821289
1713865441.803889,2023836,9.937063217163086
1713865801.728324,2031303,9.803091049194336
1713865801.821359,2033223,9.472655296325684
1713865801.850651,2034459,9.866588592529297
1713866161.848779,2037726,9.73819351196289
1713866161.864024,2038503,9.873617172241211
1713866161.895074,2039925,9.926361083984375
1713866161.933797,2041908,9.24870777130127
1713866161.986628,2044521,9.798649787902832
1713866162.056723,2046255,-6.764182090759277
1713866162.114249,2047023,9.589255332946777
1713866162.127034,2047767,-2.2337708473205566
1713866522.099547,2049048,7.8538665771484375
1713866522.101739,2049108,8.919185638427734
1713866522.111935,2049534,9.845158576965332
1713866522.121935,2049954,9.80715560913086
1713866522.141203,2050695,9.723410606384277
1713866522.1469,2050953,9.858636856079102
1713866522.208808,2053626,9.776745796203613
1713866522.279527,2056068,9.93332576751709
1713866522.353386,2057301,9.934174537658691
1713866522.40333,2058192,9.643901824951172
1713866882.172356,2060523,9.969724655151367
1713866882.237789,2063466,9.336342811584473
1713866882.249548,2063913,8.338088989257812
1713866882.328047,2067237,9.305668830871582
1713866882.340027,2067918,6.221779823303223
1713866882.477439,2069754,9.675836563110352
1713866882.48459,2070021,10.0
